chiID,precinctsreportingpct,votecount,votepct,totalvotes
0001001,1.0,1416706.0,1.0,1416706.0
0002001,1.0,201180.0,1.0,201180.0
0010001,1.0,989.0,0.18982725527831093,5210.0
0010002,1.0,943.0,0.18099808061420344,5210.0
0010003,1.0,877.0,0.16833013435700575,5210.0
0010004,1.0,763.0,0.14644913627639156,5210.0
0010005,1.0,836.0,0.16046065259117082,5210.0
0010006,1.0,802.0,0.15393474088291748,5210.0
0011001,1.0,3892.0,0.18577565632458234,20950.0
0011002,1.0,2863.0,0.13665871121718376,20950.0
0011003,1.0,2223.0,0.10610978520286396,20950.0
0011004,1.0,3942.0,0.18816229116945107,20950.0
0011005,1.0,3992.0,0.1905489260143198,20950.0
0011006,1.0,4038.0,0.19274463007159903,20950.0
0012001,1.0,5102.0,1.0,5102.0
0012002,1.0,0.0,0.0,5102.0
0013001,1.0,368.0,0.1623290692545214,2267.0
0013002,1.0,324.0,0.14292015880017644,2267.0
0013003,1.0,295.0,0.1301279223643582,2267.0
0013004,1.0,448.0,0.19761799735333038,2267.0
0013005,1.0,430.0,0.18967798853109838,2267.0
0013006,1.0,402.0,0.1773268636965152,2267.0
0014001,1.0,265.0,0.1414842498665243,1873.0
0014002,1.0,285.0,0.15216230646022424,1873.0
0014003,1.0,277.0,0.14789108382274427,1873.0
0014004,1.0,358.0,0.19113721302722905,1873.0
0014005,1.0,346.0,0.1847303790710091,1873.0
0014006,1.0,342.0,0.1825947677522691,1873.0
0015001,1.0,528.0,0.36666666666666664,1440.0
0015002,1.0,448.0,0.3111111111111111,1440.0
0015003,1.0,464.0,0.32222222222222224,1440.0
0016001,1.0,127.0,0.32987012987012987,385.0
0016002,1.0,113.0,0.2935064935064935,385.0
0016003,1.0,145.0,0.37662337662337664,385.0
0017001,1.0,1145.0,0.33450189891907683,3423.0
0017002,1.0,1148.0,0.33537832310838445,3423.0
0017003,1.0,1130.0,0.3301197779725387,3423.0
0018001,1.0,1067.0,0.474644128113879,2248.0
0018002,1.0,1181.0,0.525355871886121,2248.0
0019001,1.0,208.0,0.33766233766233766,616.0
0019002,1.0,205.0,0.3327922077922078,616.0
0019003,1.0,203.0,0.32954545454545453,616.0
0020001,1.0,214.0,0.5071090047393365,422.0
0020002,1.0,208.0,0.4928909952606635,422.0
0020003,1.0,0.0,0.0,422.0
0021001,1.0,678.0,1.0,678.0
0022001,1.0,674.0,1.0,674.0
0023001,1.0,638.0,0.3406300053390283,1873.0
0023002,1.0,624.0,0.33315536572343835,1873.0
0023003,1.0,611.0,0.3262146289375334,1873.0
0024001,1.0,640.0,0.5023547880690737,1274.0
0024002,1.0,634.0,0.4976452119309262,1274.0
0027001,1.0,499.0,0.06859106529209621,7275.0
0027002,1.0,465.0,0.06391752577319587,7275.0
0027003,1.0,517.0,0.07106529209621994,7275.0
0027004,1.0,604.0,0.08302405498281787,7275.0
0027005,1.0,679.0,0.09333333333333334,7275.0
0027006,1.0,836.0,0.11491408934707904,7275.0
0027007,1.0,1268.0,0.1742955326460481,7275.0
0027008,1.0,1100.0,0.15120274914089346,7275.0
0027009,1.0,1307.0,0.17965635738831615,7275.0
0028001,1.0,1781.0,0.248500069764197,7167.0
0028002,1.0,1757.0,0.2451513883075206,7167.0
0028003,1.0,1835.0,0.256034603041719,7167.0
0028004,1.0,1794.0,0.2503139388865634,7167.0
0029001,1.0,770.0,0.5973622963537626,1289.0
0029002,1.0,519.0,0.4026377036462374,1289.0
0030001,1.0,1144.0,1.0,1144.0
0031001,1.0,441.0,0.12162162162162163,3626.0
0031002,1.0,698.0,0.19249862107004964,3626.0
0031003,1.0,604.0,0.16657473800330944,3626.0
0031004,1.0,562.0,0.15499172642029785,3626.0
0031005,1.0,620.0,0.1709873138444567,3626.0
0031006,1.0,701.0,0.19332597904026474,3626.0
0032001,1.0,187.0,1.0,187.0
0033001,1.0,171.0,0.34475806451612906,496.0
0033002,1.0,167.0,0.33669354838709675,496.0
0033003,1.0,158.0,0.3185483870967742,496.0
0034001,1.0,174.0,1.0,174.0
0035001,1.0,270.0,0.16770186335403728,1610.0
0035002,1.0,289.0,0.1795031055900621,1610.0
0035003,1.0,243.0,0.15093167701863355,1610.0
0035004,1.0,353.0,0.21925465838509317,1610.0
0035005,1.0,340.0,0.2111801242236025,1610.0
0035006,1.0,71.0,0.044099378881987575,1610.0
0035007,1.0,44.0,0.02732919254658385,1610.0
0036001,1.0,608.0,0.3228890069038768,1883.0
0036002,1.0,669.0,0.3552841210833776,1883.0
0036003,1.0,606.0,0.3218268720127456,1883.0
0037001,1.0,2142.0,1.0,2142.0
0038001,1.0,2266.0,1.0,2266.0
0039001,1.0,2337.0,1.0,2337.0
0040001,1.0,753.0,0.19155431187992877,3931.0
0040002,1.0,700.0,0.17807173747138133,3931.0
0040003,1.0,692.0,0.17603663190027982,3931.0
0040004,1.0,595.0,0.15136097685067412,3931.0
0040005,1.0,683.0,0.17374713813279064,3931.0
0040006,1.0,508.0,0.12922920376494532,3931.0
0041001,1.0,1114.0,0.5249764373232799,2122.0
0041002,1.0,1008.0,0.4750235626767201,2122.0
0042001,1.0,776.0,0.1941941941941942,3996.0
0042002,1.0,1311.0,0.3280780780780781,3996.0
0042003,1.0,216.0,0.05405405405405406,3996.0
0042004,1.0,961.0,0.24049049049049048,3996.0
0042005,1.0,732.0,0.1831831831831832,3996.0
0043001,1.0,561.0,0.14473684210526316,3876.0
0043002,1.0,527.0,0.13596491228070176,3876.0
0043003,1.0,1400.0,0.36119711042311664,3876.0
0043004,1.0,585.0,0.15092879256965944,3876.0
0043005,1.0,803.0,0.20717234262125903,3876.0
0044001,1.0,1315.0,0.34102697095435686,3856.0
0044002,1.0,1253.0,0.324948132780083,3856.0
0044003,1.0,1288.0,0.33402489626556015,3856.0
0045001,1.0,863.0,0.6633358954650269,1301.0
0045002,1.0,438.0,0.3366641045349731,1301.0
0046001,1.0,1100.0,1.0,1100.0
0047001,1.0,1088.0,1.0,1088.0
0048001,1.0,916.0,0.16663634709841732,5497.0
0048002,1.0,740.0,0.1346188830271057,5497.0
0048003,1.0,748.0,0.1360742223030744,5497.0
0048004,1.0,1128.0,0.20520283791158814,5497.0
0048005,1.0,998.0,0.1815535746770966,5497.0
0048006,1.0,967.0,0.17591413498271785,5497.0
0049001,1.0,0.0,,0.0
0049002,1.0,0.0,,0.0
0049003,1.0,0.0,,0.0
0050001,1.0,8.0,0.34782608695652173,23.0
0050002,1.0,5.0,0.21739130434782608,23.0
0050003,1.0,6.0,0.2608695652173913,23.0
0050004,1.0,4.0,0.17391304347826086,23.0
0051001,1.0,9.0,0.47368421052631576,19.0
0051002,1.0,8.0,0.42105263157894735,19.0
0051003,1.0,2.0,0.10526315789473684,19.0
0052001,1.0,0.0,,0.0
0053001,1.0,8.0,1.0,8.0
0054001,1.0,168.0,0.15804327375352775,1063.0
0054002,1.0,182.0,0.17121354656632173,1063.0
0054003,1.0,185.0,0.17403574788334902,1063.0
0054004,1.0,170.0,0.1599247412982126,1063.0
0054005,1.0,204.0,0.19190968955785512,1063.0
0054006,1.0,154.0,0.14487300094073377,1063.0
0055001,1.0,1456.0,0.3437204910292729,4236.0
0055002,1.0,1413.0,0.3335694050991501,4236.0
0055003,1.0,1367.0,0.32271010387157695,4236.0
0056001,1.0,73.0,0.3333333333333333,219.0
0056002,1.0,73.0,0.3333333333333333,219.0
0056003,1.0,73.0,0.3333333333333333,219.0
0057001,1.0,840.0,0.6994171523730225,1201.0
0057002,1.0,361.0,0.3005828476269775,1201.0
0058001,1.0,319.0,0.0767380322347847,4157.0
0058002,1.0,644.0,0.15491941303824874,4157.0
0058003,1.0,102.0,0.024536925667548712,4157.0
0058004,1.0,145.0,0.03488092374308396,4157.0
0058005,1.0,298.0,0.07168631224440702,4157.0
0058006,1.0,688.0,0.16550396920856386,4157.0
0058007,1.0,90.0,0.02165022853019004,4157.0
0058008,1.0,411.0,0.09886937695453452,4157.0
0058009,1.0,469.0,0.1128217464517681,4157.0
0058010,1.0,589.0,0.14168871782535483,4157.0
0058011,1.0,402.0,0.09670435410151551,4157.0
0059001,1.0,1383.0,0.32695035460992905,4230.0
0059002,1.0,1367.0,0.3231678486997636,4230.0
0059003,1.0,1480.0,0.34988179669030733,4230.0
0060001,1.0,1403.0,0.5264540337711069,2665.0
0060002,1.0,1262.0,0.47354596622889306,2665.0
0061001,1.0,955.0,0.5972482801751094,1599.0
0061002,1.0,644.0,0.40275171982489055,1599.0
0062001,1.0,1491.0,0.3048456348395011,4891.0
0062002,1.0,1441.0,0.2946227765283173,4891.0
0062003,1.0,1380.0,0.28215088938867305,4891.0
0062004,1.0,579.0,0.11838069924350848,4891.0
0063001,1.0,1331.0,0.26283570300157977,5064.0
0063002,1.0,1197.0,0.2363744075829384,5064.0
0063003,1.0,1309.0,0.2584913112164297,5064.0
0063004,1.0,1227.0,0.24229857819905212,5064.0
0064001,1.0,1825.0,0.2931726907630522,6225.0
0064002,1.0,1789.0,0.2873895582329317,6225.0
0064003,1.0,1779.0,0.2857831325301205,6225.0
0064004,1.0,832.0,0.1336546184738956,6225.0
0065001,1.0,1967.0,1.0,1967.0
0065002,1.0,0.0,0.0,1967.0
0066001,1.0,1033.0,0.2667183062225665,3873.0
0066002,1.0,980.0,0.2530338239091144,3873.0
0066003,1.0,997.0,0.257423186160599,3873.0
0066004,1.0,863.0,0.2228246837077201,3873.0
0067001,1.0,1224.0,0.34911580148317173,3506.0
0067002,1.0,1168.0,0.33314318311466057,3506.0
0067003,1.0,1114.0,0.3177410154021677,3506.0
0067004,1.0,0.0,0.0,3506.0
0068001,1.0,230.0,0.15519568151147098,1482.0
0068002,1.0,169.0,0.11403508771929824,1482.0
0068003,1.0,287.0,0.19365721997300944,1482.0
0068004,1.0,241.0,0.16261808367071526,1482.0
0068005,1.0,233.0,0.1572199730094467,1482.0
0068006,1.0,256.0,0.17273954116059378,1482.0
0068007,1.0,66.0,0.044534412955465584,1482.0
0069001,1.0,1463.0,0.5200853181656594,2813.0
0069002,1.0,1350.0,0.47991468183434055,2813.0
0070001,1.0,2012.0,0.23579046056486583,8533.0
0070002,1.0,1995.0,0.23379819524200163,8533.0
0070003,1.0,1309.0,0.15340442986054142,8533.0
0070004,1.0,1978.0,0.23180592991913745,8533.0
0070005,1.0,1239.0,0.14520098441345364,8533.0
0071001,1.0,51.0,0.1536144578313253,332.0
0071002,1.0,93.0,0.28012048192771083,332.0
0071003,1.0,72.0,0.21686746987951808,332.0
0071004,1.0,70.0,0.21084337349397592,332.0
0071005,1.0,46.0,0.13855421686746988,332.0
0072001,1.0,742.0,0.3446353924756154,2153.0
0072002,1.0,684.0,0.31769623780771017,2153.0
0072003,1.0,727.0,0.3376683697166744,2153.0
0073001,1.0,1210.0,0.3368596881959911,3592.0
0073002,1.0,1203.0,0.3349109131403118,3592.0
0073003,1.0,1179.0,0.3282293986636971,3592.0
0074001,1.0,1189.0,0.3299112097669256,3604.0
0074002,1.0,1209.0,0.33546059933407324,3604.0
0074003,1.0,1206.0,0.3346281908990011,3604.0
0075001,1.0,1543.0,0.3375628965215489,4571.0
0075002,1.0,1545.0,0.3380004375410195,4571.0
0075003,1.0,1483.0,0.32443666593743165,4571.0
0076001,1.0,1500.0,0.4981733643307871,3011.0
0076002,1.0,1511.0,0.5018266356692129,3011.0
0076003,1.0,0.0,0.0,3011.0
0077001,1.0,657.0,0.225,2920.0
0077002,1.0,572.0,0.1958904109589041,2920.0
0077003,1.0,633.0,0.21678082191780823,2920.0
0077004,1.0,329.0,0.11267123287671232,2920.0
0077005,1.0,372.0,0.1273972602739726,2920.0
0077006,1.0,357.0,0.12226027397260274,2920.0
0078001,1.0,26.0,0.3880597014925373,67.0
0078002,1.0,20.0,0.29850746268656714,67.0
0078003,1.0,21.0,0.31343283582089554,67.0
0079001,1.0,339.0,0.36217948717948717,936.0
0079002,1.0,310.0,0.3311965811965812,936.0
0079003,1.0,287.0,0.30662393162393164,936.0
0080001,1.0,1293.0,0.3549272577545979,3643.0
0080002,1.0,139.0,0.0381553664562174,3643.0
0080003,1.0,484.0,0.1328575349986275,3643.0
0080004,1.0,146.0,0.04007685973099094,3643.0
0080005,1.0,858.0,0.23552017567938513,3643.0
0080006,1.0,723.0,0.19846280538018116,3643.0
0081001,1.0,3128.0,1.0,3128.0
0082001,1.0,3000.0,1.0,3000.0
0083001,1.0,772.0,0.2182023742227247,3538.0
0083002,1.0,843.0,0.2382702091577162,3538.0
0083003,1.0,739.0,0.2088750706613906,3538.0
0083004,1.0,410.0,0.11588468061051442,3538.0
0083005,1.0,446.0,0.1260599208592425,3538.0
0083006,1.0,328.0,0.09270774448841153,3538.0
0084001,1.0,890.0,0.14592556156747008,6099.0
0084002,1.0,855.0,0.14018691588785046,6099.0
0084003,1.0,856.0,0.14035087719298245,6099.0
0084004,1.0,1042.0,0.1708476799475324,6099.0
0084005,1.0,1005.0,0.1647811116576488,6099.0
0084006,1.0,1042.0,0.1708476799475324,6099.0
0084007,1.0,159.0,0.026069847515986226,6099.0
0084008,1.0,250.0,0.04099032628299721,6099.0
0085001,1.0,1297.0,1.0,1297.0
0086001,1.0,1247.0,1.0,1247.0
0087001,1.0,1224.0,1.0,1224.0
0088001,1.0,305.0,0.32620320855614976,935.0
0088002,1.0,318.0,0.34010695187165774,935.0
0088003,1.0,312.0,0.3336898395721925,935.0
0089001,1.0,330.0,1.0,330.0
0090001,1.0,297.0,0.324235807860262,916.0
0090002,1.0,306.0,0.33406113537117904,916.0
0090003,1.0,313.0,0.34170305676855894,916.0
0091001,1.0,168.0,0.3181818181818182,528.0
0091002,1.0,181.0,0.3428030303030303,528.0
0091003,1.0,179.0,0.3390151515151515,528.0
0092001,1.0,184.0,0.33638025594149906,547.0
0092002,1.0,182.0,0.3327239488117002,547.0
0092003,1.0,181.0,0.33089579524680074,547.0
0093001,1.0,280.0,0.6349206349206349,441.0
0093002,1.0,161.0,0.36507936507936506,441.0
0094001,1.0,286.0,0.6574712643678161,435.0
0094002,1.0,149.0,0.3425287356321839,435.0
0095001,1.0,257.0,0.20709105560032232,1241.0
0095002,1.0,272.0,0.2191780821917808,1241.0
0095003,1.0,226.0,0.18211120064464142,1241.0
0095004,1.0,155.0,0.12489927477840451,1241.0
0095005,1.0,171.0,0.1377921031426269,1241.0
0095006,1.0,160.0,0.128928283642224,1241.0
0096001,1.0,1952.0,0.28090372715498635,6949.0
0096002,1.0,2106.0,0.3030651892358613,6949.0
0096003,1.0,1814.0,0.26104475464095556,6949.0
0096004,1.0,1077.0,0.15498632896819686,6949.0
0097001,1.0,1385.0,1.0,1385.0
0098001,1.0,1249.0,0.33422531442333425,3737.0
0098002,1.0,1252.0,0.33502809740433503,3737.0
0098003,1.0,1236.0,0.33074658817233077,3737.0
0099001,1.0,390.0,1.0,390.0
0100001,1.0,380.0,1.0,380.0
0101001,1.0,365.0,0.3414405986903648,1069.0
0101002,1.0,345.0,0.32273152478952294,1069.0
0101003,1.0,359.0,0.33582787652011226,1069.0
0102001,1.0,438.0,0.33874709976798145,1293.0
0102002,1.0,421.0,0.32559938128383603,1293.0
0102003,1.0,434.0,0.3356535189481825,1293.0
0103001,1.0,402.0,0.3471502590673575,1158.0
0103002,1.0,374.0,0.3229706390328152,1158.0
0103003,1.0,382.0,0.3298791018998273,1158.0
0104001,1.0,342.0,1.0,342.0
0105001,1.0,318.0,0.3322884012539185,957.0
0105002,1.0,326.0,0.3406478578892372,957.0
0105003,1.0,313.0,0.3270637408568443,957.0
0106001,1.0,1304.0,0.3264080100125156,3995.0
0106002,1.0,1430.0,0.3579474342928661,3995.0
0106003,1.0,1261.0,0.31564455569461825,3995.0
0107001,1.0,1383.0,0.3338966682761951,4142.0
0107002,1.0,1359.0,0.32810236600676,4142.0
0107003,1.0,1400.0,0.3380009657170449,4142.0
0108001,1.0,829.0,0.3296222664015905,2515.0
0108002,1.0,826.0,0.32842942345924453,2515.0
0108003,1.0,860.0,0.341948310139165,2515.0
0109001,1.0,1343.0,0.1453305919272806,9241.0
0109002,1.0,1129.0,0.12217292500811601,9241.0
0109003,1.0,1163.0,0.1258521804999459,9241.0
0109004,1.0,1263.0,0.1366735201817985,9241.0
0109005,1.0,783.0,0.08473108970890596,9241.0
0109006,1.0,1513.0,0.16372686938643005,9241.0
0109007,1.0,1304.0,0.14111026945135807,9241.0
0109008,1.0,743.0,0.08040255383616492,9241.0
0110001,1.0,2511.0,0.3617634346635931,6941.0
0110002,1.0,2240.0,0.3227200691543005,6941.0
0110003,1.0,2190.0,0.3155164961821063,6941.0
0111001,1.0,441.0,0.33587204874333587,1313.0
0111002,1.0,421.0,0.32063975628332064,1313.0
0111003,1.0,451.0,0.3434881949733435,1313.0
0112001,1.0,506.0,0.32964169381107494,1535.0
0112002,1.0,529.0,0.3446254071661238,1535.0
0112003,1.0,500.0,0.3257328990228013,1535.0
0113001,1.0,355.0,0.34906588003933137,1017.0
0113002,1.0,331.0,0.3254670599803343,1017.0
0113003,1.0,331.0,0.3254670599803343,1017.0
0114001,1.0,965.0,0.3403880070546737,2835.0
0114002,1.0,939.0,0.33121693121693124,2835.0
0114003,1.0,931.0,0.32839506172839505,2835.0
0115001,1.0,890.0,0.3288987435328899,2706.0
0115002,1.0,897.0,0.33148558758314856,2706.0
0115003,1.0,919.0,0.33961566888396155,2706.0
0116001,1.0,952.0,1.0,952.0
0117001,1.0,1315.0,0.19256113633035585,6829.0
0117002,1.0,1501.0,0.2197979206325963,6829.0
0117003,1.0,1055.0,0.15448821203690144,6829.0
0117004,1.0,1276.0,0.18685019768633768,6829.0
0117005,1.0,1148.0,0.16810660418802167,6829.0
0117006,1.0,534.0,0.07819592912578709,6829.0
0118001,1.0,1660.0,0.2857142857142857,5810.0
0118002,1.0,1811.0,0.3117039586919105,5810.0
0118003,1.0,996.0,0.17142857142857143,5810.0
0118004,1.0,1343.0,0.23115318416523237,5810.0
0119001,1.0,0.0,,0.0
0120001,1.0,936.0,0.13396307428080723,6987.0
0120002,1.0,867.0,0.12408759124087591,6987.0
0120003,1.0,903.0,0.1292400171747531,6987.0
0120004,1.0,1026.0,0.1468441391155002,6987.0
0120005,1.0,885.0,0.1266638042078145,6987.0
0120006,1.0,785.0,0.11235150994704451,6987.0
0120007,1.0,261.0,0.0373550880206097,6987.0
0120008,1.0,384.0,0.05495920996135681,6987.0
0120009,1.0,262.0,0.037498210963217406,6987.0
0120010,1.0,276.0,0.0395019321597252,6987.0
0120011,1.0,402.0,0.05753542292829541,6987.0
0121001,1.0,65.0,0.325,200.0
0121002,1.0,71.0,0.355,200.0
0121003,1.0,64.0,0.32,200.0
0122001,1.0,1678.0,0.1698552485069339,9879.0
0122002,1.0,1662.0,0.1682356513817188,9879.0
0122003,1.0,1665.0,0.16853932584269662,9879.0
0122004,1.0,1647.0,0.16671727907682965,9879.0
0122005,1.0,1585.0,0.16044134021662113,9879.0
0122006,1.0,1642.0,0.16621115497519992,9879.0
0123001,1.0,1648.0,0.3331311906205781,4947.0
0123002,1.0,1680.0,0.3395997574287447,4947.0
0123003,1.0,1619.0,0.3272690519506772,4947.0
0124001,1.0,90.0,0.35714285714285715,252.0
0124002,1.0,79.0,0.3134920634920635,252.0
0124003,1.0,83.0,0.32936507936507936,252.0
0125001,1.0,649.0,0.1385272145144077,4685.0
0125002,1.0,772.0,0.1647812166488794,4685.0
0125003,1.0,1149.0,0.24525080042689434,4685.0
0125004,1.0,1204.0,0.2569903948772679,4685.0
0125005,1.0,911.0,0.19445037353255068,4685.0
0126001,1.0,773.0,0.15027216174183514,5144.0
0126002,1.0,1098.0,0.21345256609642302,5144.0
0126003,1.0,1096.0,0.2130637636080871,5144.0
0126004,1.0,1213.0,0.23580870917573873,5144.0
0126005,1.0,964.0,0.187402799377916,5144.0
0127001,1.0,1616.0,0.27173364721708426,5947.0
0127002,1.0,1543.0,0.2594585505296788,5947.0
0127003,1.0,1572.0,0.2643349588027577,5947.0
0127004,1.0,1216.0,0.20447284345047922,5947.0
0128001,1.0,1855.0,1.0,1855.0
0129001,1.0,1790.0,1.0,1790.0
0130001,1.0,2492.0,0.24229460379193,10285.0
0130002,1.0,1399.0,0.13602333495381624,10285.0
0130003,1.0,1625.0,0.15799708313077296,10285.0
0130004,1.0,606.0,0.05892075838599903,10285.0
0130005,1.0,1495.0,0.14535731648031114,10285.0
0130006,1.0,1428.0,0.13884297520661157,10285.0
0130007,1.0,1240.0,0.12056392805055907,10285.0
0131001,1.0,3148.0,1.0,3148.0
0131002,1.0,0.0,0.0,3148.0
0132001,1.0,3084.0,1.0,3084.0
0133001,1.0,1979.0,0.22283526629884023,8881.0
0133002,1.0,1517.0,0.1708140975115415,8881.0
0133003,1.0,1714.0,0.19299628420222947,8881.0
0133004,1.0,1423.0,0.1602297038621777,8881.0
0133005,1.0,1250.0,0.14074991555005067,8881.0
0133006,1.0,998.0,0.11237473257516045,8881.0
0134001,1.0,1468.0,0.304059652029826,4828.0
0134002,1.0,1465.0,0.30343827671913837,4828.0
0134003,1.0,1418.0,0.29370339685169844,4828.0
0134004,1.0,477.0,0.0987986743993372,4828.0
0135001,1.0,711.0,0.15877623939258598,4478.0
0135002,1.0,769.0,0.17172845020098257,4478.0
0135003,1.0,767.0,0.17128182224207236,4478.0
0135004,1.0,806.0,0.1799910674408218,4478.0
0135005,1.0,724.0,0.16167932112550246,4478.0
0135006,1.0,701.0,0.15654309959803483,4478.0
0136001,1.0,831.0,0.32884843688167786,2527.0
0136002,1.0,853.0,0.3375544123466561,2527.0
0136003,1.0,843.0,0.333597150771666,2527.0
0137001,1.0,840.0,0.33083891295785745,2539.0
0137002,1.0,854.0,0.33635289484048836,2539.0
0137003,1.0,845.0,0.3328081922016542,2539.0
0137004,1.0,0.0,0.0,2539.0
0138001,1.0,132.0,0.3283582089552239,402.0
0138002,1.0,138.0,0.34328358208955223,402.0
0138003,1.0,132.0,0.3283582089552239,402.0
0139001,1.0,0.0,0.0,3.0
0139002,1.0,1.0,0.3333333333333333,3.0
0139003,1.0,2.0,0.6666666666666666,3.0
0140001,1.0,2.0,1.0,2.0
0141001,1.0,2.0,0.2222222222222222,9.0
0141002,1.0,2.0,0.2222222222222222,9.0
0141003,1.0,0.0,0.0,9.0
0141004,1.0,2.0,0.2222222222222222,9.0
0141005,1.0,2.0,0.2222222222222222,9.0
0141006,1.0,1.0,0.1111111111111111,9.0
0142001,1.0,1470.0,1.0,1470.0
0143001,1.0,3333.0,0.49429037520391517,6743.0
0143002,1.0,3410.0,0.5057096247960848,6743.0
0144001,1.0,3951.0,1.0,3951.0
0145001,1.0,3735.0,0.338929219600726,11020.0
0145002,1.0,3660.0,0.33212341197822143,11020.0
0145003,1.0,3625.0,0.32894736842105265,11020.0
0146001,1.0,3179.0,0.41468823375945735,7666.0
0146003,1.0,2098.0,0.27367597182363684,7666.0
0146004,1.0,2389.0,0.3116357944169058,7666.0
0147001,1.0,609.0,0.20623095157466984,2953.0
0147002,1.0,639.0,0.21639011175076195,2953.0
0147003,1.0,695.0,0.23535387741280053,2953.0
0147004,1.0,473.0,0.16017609210971892,2953.0
0147005,1.0,537.0,0.18184896715204876,2953.0
0148001,1.0,0.0,,0.0
0148002,1.0,0.0,,0.0
0149001,1.0,325.0,0.3765932792584009,863.0
0149002,1.0,271.0,0.31402085747392816,863.0
0149003,1.0,267.0,0.3093858632676709,863.0
0150001,1.0,3436.0,0.27498999599839935,12495.0
0150002,1.0,3407.0,0.27266906762705084,12495.0
0150003,1.0,2944.0,0.23561424569827932,12495.0
0150004,1.0,2708.0,0.2167266906762705,12495.0
0151001,1.0,3975.0,1.0,3975.0
0152001,1.0,3321.0,0.48695014662756597,6820.0
0152002,1.0,3499.0,0.513049853372434,6820.0
0153001,1.0,548.0,1.0,548.0
0154001,1.0,533.0,1.0,533.0
0155001,1.0,481.0,0.250130005200208,1923.0
0155002,1.0,491.0,0.25533021320852833,1923.0
0155003,1.0,462.0,0.24024960998439937,1923.0
0155004,1.0,489.0,0.2542901716068643,1923.0
0156001,1.0,1505.0,0.6456456456456456,2331.0
0156002,1.0,826.0,0.35435435435435436,2331.0
0157001,1.0,1674.0,0.28406584082810116,5893.0
0157002,1.0,1219.0,0.2068555913796029,5893.0
0157003,1.0,966.0,0.1639232988291193,5893.0
0157004,1.0,1018.0,0.1727473273375191,5893.0
0157005,1.0,1016.0,0.17240794162565756,5893.0
0158001,1.0,1656.0,0.4826581171670067,3431.0
0158002,1.0,1775.0,0.5173418828329933,3431.0
0159001,1.0,0.0,,0.0
0160001,1.0,247.0,0.34739803094233473,711.0
0160002,1.0,242.0,0.340365682137834,711.0
0160003,1.0,222.0,0.31223628691983124,711.0
0161001,1.0,236.0,0.2203548085901027,1071.0
0161002,1.0,208.0,0.1942110177404295,1071.0
0161003,1.0,189.0,0.17647058823529413,1071.0
0161004,1.0,124.0,0.1157796451914099,1071.0
0161005,1.0,153.0,0.14285714285714285,1071.0
0161006,1.0,161.0,0.1503267973856209,1071.0
0162001,1.0,1418.0,1.0,1418.0
0163001,1.0,695.0,0.2108616504854369,3296.0
0163002,1.0,867.0,0.2630461165048544,3296.0
0163003,1.0,867.0,0.2630461165048544,3296.0
0163004,1.0,867.0,0.2630461165048544,3296.0
0164001,1.0,974.0,0.6316472114137484,1542.0
0164002,1.0,568.0,0.36835278858625164,1542.0
0165001,1.0,697.0,0.34954864593781343,1994.0
0165002,1.0,656.0,0.32898696088264795,1994.0
0165003,1.0,641.0,0.3214643931795386,1994.0
0166001,1.0,1022.0,0.18391218283246355,5557.0
0166002,1.0,796.0,0.14324275688321036,5557.0
0166003,1.0,977.0,0.1758142882850459,5557.0
0166004,1.0,957.0,0.17221522404174913,5557.0
0166005,1.0,1076.0,0.19362965628936477,5557.0
0166006,1.0,729.0,0.13118589166816627,5557.0
0167001,1.0,686.0,0.2327790973871734,2947.0
0167002,1.0,724.0,0.24567356633864948,2947.0
0167003,1.0,743.0,0.25212080081438754,2947.0
0167004,1.0,794.0,0.2694265354597896,2947.0
0168001,1.0,504.0,0.2949093036863663,1709.0
0168002,1.0,514.0,0.30076067875950846,1709.0
0168003,1.0,464.0,0.27150380339379754,1709.0
0168004,1.0,227.0,0.13282621416032767,1709.0
0169001,1.0,759.0,0.2699146514935989,2812.0
0169002,1.0,653.0,0.2322190611664296,2812.0
0169003,1.0,616.0,0.21906116642958748,2812.0
0169004,1.0,371.0,0.13193456614509247,2812.0
0169005,1.0,413.0,0.1468705547652916,2812.0
0170001,1.0,842.0,0.34241561610410737,2459.0
0170002,1.0,769.0,0.3127287515250102,2459.0
0170003,1.0,848.0,0.34485563237088246,2459.0
0171001,1.0,753.0,0.23980891719745223,3140.0
0171002,1.0,763.0,0.2429936305732484,3140.0
0171003,1.0,757.0,0.2410828025477707,3140.0
0171004,1.0,867.0,0.27611464968152866,3140.0
0172001,1.0,846.0,1.0,846.0
0173001,1.0,375.0,0.20358306188925082,1842.0
0173002,1.0,287.0,0.15580890336590664,1842.0
0173003,1.0,280.0,0.15200868621064062,1842.0
0173004,1.0,142.0,0.07709011943539631,1842.0
0173005,1.0,238.0,0.12920738327904452,1842.0
0173006,1.0,133.0,0.0722041259500543,1842.0
0173007,1.0,189.0,0.10260586319218241,1842.0
0173008,1.0,198.0,0.10749185667752444,1842.0
0174001,1.0,1008.0,1.0,1008.0
0175001,1.0,0.0,,0.0
0176001,1.0,89.0,0.288961038961039,308.0
0176002,1.0,114.0,0.37012987012987014,308.0
0176003,1.0,105.0,0.3409090909090909,308.0
0177001,1.0,599.0,0.330939226519337,1810.0
0177002,1.0,610.0,0.3370165745856354,1810.0
0177003,1.0,601.0,0.3320441988950276,1810.0
0178001,1.0,403.0,0.18351548269581056,2196.0
0178002,1.0,330.0,0.15027322404371585,2196.0
0178003,1.0,274.0,0.12477231329690346,2196.0
0178004,1.0,497.0,0.22632058287795992,2196.0
0178005,1.0,398.0,0.18123861566484517,2196.0
0178006,1.0,294.0,0.13387978142076504,2196.0
0179001,1.0,3567.0,1.0,3567.0
0180001,1.0,3575.0,1.0,3575.0
0181001,1.0,2101.0,0.19628176382660686,10704.0
0181002,1.0,2954.0,0.27597159940209265,10704.0
0181003,1.0,3105.0,0.29007847533632286,10704.0
0181004,1.0,2544.0,0.23766816143497757,10704.0
0182001,1.0,167.0,0.027736256435808005,6021.0
0182002,1.0,166.0,0.027570171067928917,6021.0
0182003,1.0,109.0,0.018103305098820795,6021.0
0182004,1.0,268.0,0.04451087859159608,6021.0
0182005,1.0,266.0,0.0441787078558379,6021.0
0182006,1.0,229.0,0.03803354924431158,6021.0
0182007,1.0,670.0,0.1112771964789902,6021.0
0182008,1.0,630.0,0.10463378176382661,6021.0
0182009,1.0,691.0,0.11476498920445109,6021.0
0182010,1.0,939.0,0.15595416043846538,6021.0
0182011,1.0,957.0,0.158943697060289,6021.0
0182012,1.0,929.0,0.15429330675967448,6021.0
0183001,1.0,328.0,0.10399492707672796,3154.0
0183002,1.0,906.0,0.2872542802790108,3154.0
0183003,1.0,911.0,0.2888395688015219,3154.0
0183004,1.0,632.0,0.20038046924540268,3154.0
0183005,1.0,377.0,0.11953075459733671,3154.0
0184001,1.0,1003.0,0.3263911487146111,3073.0
0184002,1.0,376.0,0.12235600390497885,3073.0
0184003,1.0,326.0,0.10608525870484868,3073.0
0184004,1.0,1025.0,0.3335502766026684,3073.0
0184005,1.0,343.0,0.11161731207289294,3073.0
0185001,1.0,1995.0,0.5301621047036938,3763.0
0185002,1.0,1768.0,0.46983789529630615,3763.0
0186001,1.0,187.0,0.2308641975308642,810.0
0186002,1.0,202.0,0.24938271604938272,810.0
0186003,1.0,186.0,0.22962962962962963,810.0
0186004,1.0,235.0,0.29012345679012347,810.0
0187001,1.0,181.0,0.3351851851851852,540.0
0187002,1.0,178.0,0.3296296296296296,540.0
0187003,1.0,181.0,0.3351851851851852,540.0
0188001,1.0,176.0,1.0,176.0
0189001,1.0,2322.0,0.29090453520420945,7982.0
0189002,1.0,2363.0,0.29604109245803056,7982.0
0189003,1.0,2292.0,0.2871460786770233,7982.0
0189004,1.0,1005.0,0.12590829366073666,7982.0
0190001,1.0,2499.0,0.5171771523178808,4832.0
0190002,1.0,2333.0,0.4828228476821192,4832.0
0191001,1.0,2539.0,1.0,2539.0
0192001,1.0,2554.0,1.0,2554.0
0193001,1.0,250.0,0.16914749661705006,1478.0
0193002,1.0,255.0,0.17253044654939106,1478.0
0193003,1.0,276.0,0.18673883626522328,1478.0
0193004,1.0,215.0,0.14546684709066307,1478.0
0193005,1.0,250.0,0.16914749661705006,1478.0
0193006,1.0,232.0,0.15696887686062247,1478.0
0194001,1.0,261.0,0.5251509054325956,497.0
0194002,1.0,236.0,0.47484909456740443,497.0
0195001,1.0,576.0,0.20512820512820512,2808.0
0195002,1.0,561.0,0.1997863247863248,2808.0
0195003,1.0,561.0,0.1997863247863248,2808.0
0195004,1.0,390.0,0.1388888888888889,2808.0
0195005,1.0,343.0,0.12215099715099716,2808.0
0195006,1.0,377.0,0.13425925925925927,2808.0
0196001,1.0,240.0,0.3333333333333333,720.0
0196002,1.0,234.0,0.325,720.0
0196003,1.0,246.0,0.3416666666666667,720.0
0197001,1.0,778.0,0.3320529236022194,2343.0
0197002,1.0,780.0,0.33290653008962867,2343.0
0197003,1.0,785.0,0.33504054630815194,2343.0
0198001,1.0,681.0,1.0,681.0
0199001,1.0,511.0,0.33031674208144796,1547.0
0199002,1.0,522.0,0.3374272786037492,1547.0
0199003,1.0,514.0,0.33225597931480283,1547.0
0200001,1.0,215.0,0.2641277641277641,814.0
0200002,1.0,196.0,0.24078624078624078,814.0
0200003,1.0,211.0,0.2592137592137592,814.0
0200004,1.0,192.0,0.23587223587223588,814.0
0201001,1.0,224.0,0.4827586206896552,464.0
0201002,1.0,240.0,0.5172413793103449,464.0
0201003,1.0,0.0,0.0,464.0
0202001,1.0,263.0,1.0,263.0
0203001,1.0,270.0,1.0,270.0
0203002,1.0,0.0,0.0,270.0
0204001,1.0,2037.0,0.147747878436208,13787.0
0204002,1.0,2221.0,0.16109378399941973,13787.0
0204003,1.0,2052.0,0.14883585986799158,13787.0
0204004,1.0,2524.0,0.18307100892144773,13787.0
0204005,1.0,2481.0,0.1799521288170015,13787.0
0204006,1.0,2472.0,0.17929933995793138,13787.0
0205001,1.0,3734.0,0.5316816175423608,7023.0
0205002,1.0,3289.0,0.4683183824576392,7023.0
0206001,1.0,5.0,0.4166666666666667,12.0
0206002,1.0,2.0,0.16666666666666666,12.0
0206003,1.0,5.0,0.4166666666666667,12.0
0207001,1.0,5.0,0.5,10.0
0207002,1.0,5.0,0.5,10.0
0208001,1.0,6.0,0.1935483870967742,31.0
0208002,1.0,3.0,0.0967741935483871,31.0
0208003,1.0,3.0,0.0967741935483871,31.0
0208004,1.0,4.0,0.12903225806451613,31.0
0208005,1.0,3.0,0.0967741935483871,31.0
0208006,1.0,4.0,0.12903225806451613,31.0
0208007,1.0,4.0,0.12903225806451613,31.0
0208008,1.0,1.0,0.03225806451612903,31.0
0208009,1.0,2.0,0.06451612903225806,31.0
0208010,1.0,1.0,0.03225806451612903,31.0
0209001,1.0,834.0,0.32325581395348835,2580.0
0209002,1.0,865.0,0.33527131782945735,2580.0
0209003,1.0,881.0,0.34147286821705425,2580.0
0210001,1.0,821.0,0.33171717171717174,2475.0
0210002,1.0,809.0,0.32686868686868686,2475.0
0210003,1.0,845.0,0.3414141414141414,2475.0
0211001,1.0,849.0,1.0,849.0
0212001,1.0,792.0,0.33235417540914813,2383.0
0212002,1.0,811.0,0.3403273185060848,2383.0
0212003,1.0,780.0,0.3273185060847671,2383.0
0213001,1.0,839.0,0.4991076740035693,1681.0
0213002,1.0,842.0,0.5008923259964307,1681.0
0214001,1.0,1211.0,0.3827433628318584,3164.0
0214002,1.0,884.0,0.27939317319848295,3164.0
0214003,1.0,1069.0,0.33786346396965866,3164.0
0215001,1.0,468.0,0.1599453178400547,2926.0
0215002,1.0,456.0,0.15584415584415584,2926.0
0215003,1.0,449.0,0.1534518113465482,2926.0
0215004,1.0,510.0,0.17429938482570062,2926.0
0215005,1.0,527.0,0.18010936431989064,2926.0
0215006,1.0,516.0,0.17634996582365003,2926.0
0216001,1.0,3798.0,0.3147166058999006,12068.0
0216002,1.0,4214.0,0.3491879350348028,12068.0
0216003,1.0,4056.0,0.33609545906529664,12068.0
0217001,1.0,239.0,1.0,239.0
0218001,1.0,364.0,0.32355555555555554,1125.0
0218002,1.0,362.0,0.3217777777777778,1125.0
0218003,1.0,399.0,0.3546666666666667,1125.0
0219001,1.0,404.0,0.19038642789820923,2122.0
0219002,1.0,379.0,0.17860508953817153,2122.0
0219003,1.0,195.0,0.09189443920829406,2122.0
0219004,1.0,569.0,0.2681432610744581,2122.0
0219005,1.0,454.0,0.21394910461828465,2122.0
0219006,1.0,121.0,0.05702167766258247,2122.0
0220001,1.0,3219.0,0.5389251632345555,5973.0
0220002,1.0,2754.0,0.4610748367654445,5973.0
0221001,1.0,3152.0,0.5394489132295054,5843.0
0221002,1.0,2691.0,0.4605510867704946,5843.0
0222001,1.0,3254.0,1.0,3254.0
0223001,1.0,273.0,1.0,273.0
0224001,1.0,217.0,0.5358024691358024,405.0
0224002,1.0,188.0,0.4641975308641975,405.0
0225001,1.0,212.0,1.0,212.0
0226001,1.0,193.0,1.0,193.0
0227001,1.0,347.0,1.0,347.0
0228001,1.0,329.0,1.0,329.0
0229001,1.0,191.0,1.0,191.0
0230001,1.0,235.0,0.6911764705882353,340.0
0230002,1.0,105.0,0.3088235294117647,340.0
0231001,1.0,221.0,0.6597014925373135,335.0
0231002,1.0,114.0,0.3402985074626866,335.0
0232001,1.0,132.0,1.0,132.0
0233001,1.0,142.0,1.0,142.0
0234001,1.0,453.0,0.5341981132075472,848.0
0234002,1.0,395.0,0.4658018867924528,848.0
0235001,1.0,346.0,1.0,346.0
0236001,1.0,471.0,1.0,471.0
0237001,1.0,131.0,0.48880597014925375,268.0
0237002,1.0,137.0,0.5111940298507462,268.0
0238001,1.0,230.0,1.0,230.0
0239001,1.0,362.0,1.0,362.0
0240001,1.0,517.0,1.0,517.0
0241001,1.0,282.0,1.0,282.0
0242001,1.0,816.0,0.6163141993957704,1324.0
0242002,1.0,508.0,0.38368580060422963,1324.0
0243001,1.0,280.0,0.41055718475073316,682.0
0243002,1.0,333.0,0.48826979472140764,682.0
0243003,1.0,69.0,0.10117302052785923,682.0
0244001,1.0,388.0,0.3991769547325103,972.0
0244002,1.0,584.0,0.6008230452674898,972.0
0245001,1.0,223.0,1.0,223.0
0246001,1.0,505.0,1.0,505.0
0247001,1.0,345.0,0.5683690280065898,607.0
0247002,1.0,167.0,0.2751235584843493,607.0
0247003,1.0,57.0,0.09390444810543658,607.0
0247004,1.0,38.0,0.06260296540362438,607.0
0248001,1.0,207.0,0.28434065934065933,728.0
0248002,1.0,224.0,0.3076923076923077,728.0
0248003,1.0,55.0,0.07554945054945054,728.0
0248004,1.0,242.0,0.3324175824175824,728.0
0249001,1.0,264.0,0.4888888888888889,540.0
0249002,1.0,276.0,0.5111111111111111,540.0
0250001,1.0,243.0,0.5317286652078774,457.0
0250002,1.0,80.0,0.175054704595186,457.0
0250003,1.0,134.0,0.29321663019693656,457.0
0251001,1.0,545.0,0.744535519125683,732.0
0251002,1.0,187.0,0.25546448087431695,732.0
0252001,1.0,187.0,1.0,187.0
0253001,1.0,149.0,0.42209631728045327,353.0
0253002,1.0,204.0,0.5779036827195467,353.0
0254001,1.0,404.0,1.0,404.0
0255001,1.0,145.0,0.3776041666666667,384.0
0255002,1.0,239.0,0.6223958333333334,384.0
0256001,1.0,42.0,1.0,42.0
0257001,1.0,36.0,1.0,36.0
0258001,1.0,35.0,1.0,35.0
0259001,1.0,39.0,1.0,39.0
0260001,1.0,17.0,1.0,17.0
0261001,1.0,175.0,1.0,175.0
0262001,1.0,220.0,1.0,220.0
0263001,1.0,234.0,1.0,234.0
0264001,1.0,285.0,1.0,285.0
0265001,1.0,67.0,1.0,67.0
0266001,1.0,82.0,1.0,82.0
0267001,1.0,86.0,1.0,86.0
0268001,1.0,78.0,1.0,78.0
0269001,1.0,188.0,1.0,188.0
0270001,1.0,289.0,0.6848341232227488,422.0
0270002,1.0,128.0,0.3033175355450237,422.0
0270003,1.0,5.0,0.011848341232227487,422.0
0271001,1.0,130.0,0.2801724137931034,464.0
0271002,1.0,334.0,0.7198275862068966,464.0
0272001,1.0,220.0,1.0,220.0
0273001,1.0,533.0,0.5915649278579356,901.0
0273002,1.0,368.0,0.40843507214206437,901.0
0274001,1.0,977.0,0.5547984099943214,1761.0
0274002,1.0,95.0,0.05394662123793299,1761.0
0274003,1.0,689.0,0.3912549687677456,1761.0
0275001,1.0,420.0,0.38391224862888484,1094.0
0275002,1.0,674.0,0.6160877513711152,1094.0
0276001,1.0,930.0,1.0,930.0
0277001,1.0,407.0,1.0,407.0
0278001,1.0,515.0,1.0,515.0
0279001,1.0,138.0,0.28512396694214875,484.0
0279002,1.0,346.0,0.7148760330578512,484.0
0280001,1.0,177.0,1.0,177.0
0281001,1.0,259.0,1.0,259.0
0282001,1.0,349.0,1.0,349.0
0283001,1.0,185.0,1.0,185.0
0284001,1.0,136.0,1.0,136.0
0285001,1.0,284.0,0.6604651162790698,430.0
0285002,1.0,146.0,0.3395348837209302,430.0
0286001,1.0,101.0,1.0,101.0
0287001,1.0,215.0,0.513126491646778,419.0
0287002,1.0,204.0,0.48687350835322196,419.0
0288001,1.0,592.0,0.578125,1024.0
0288002,1.0,432.0,0.421875,1024.0
0289001,1.0,120.0,0.22099447513812154,543.0
0289002,1.0,423.0,0.7790055248618785,543.0
0290001,1.0,438.0,1.0,438.0
0291001,1.0,388.0,1.0,388.0
0292001,1.0,61.0,1.0,61.0
0293001,1.0,114.0,0.2688679245283019,424.0
0293002,1.0,310.0,0.7311320754716981,424.0
0294001,1.0,91.0,0.17738791423001948,513.0
0294002,1.0,220.0,0.42884990253411304,513.0
0294003,1.0,202.0,0.3937621832358674,513.0
0295001,1.0,353.0,0.6685606060606061,528.0
0295002,1.0,175.0,0.3314393939393939,528.0
0296001,1.0,34.0,1.0,34.0
0297001,1.0,225.0,1.0,225.0
0298001,1.0,205.0,1.0,205.0
0299001,1.0,51.0,1.0,51.0
0300001,1.0,90.0,1.0,90.0
0301001,1.0,1375.0,0.33635029354207435,4088.0
0301002,1.0,1354.0,0.3312133072407045,4088.0
0301003,1.0,1359.0,0.3324363992172211,4088.0
0302001,1.0,3569.0,0.35459513164431194,10065.0
0302002,1.0,2657.0,0.26398410332836564,10065.0
0302003,1.0,3839.0,0.3814207650273224,10065.0
0303001,1.0,320.0,0.32225579053373615,993.0
0303002,1.0,345.0,0.3474320241691843,993.0
0303003,1.0,328.0,0.33031218529707956,993.0
0304001,1.0,611.0,0.4803459119496855,1272.0
0304002,1.0,661.0,0.5196540880503144,1272.0
0305001,1.0,423.0,0.275390625,1536.0
0305002,1.0,391.0,0.2545572916666667,1536.0
0305003,1.0,305.0,0.19856770833333334,1536.0
0305004,1.0,417.0,0.271484375,1536.0
0306001,1.0,224.0,0.47058823529411764,476.0
0306002,1.0,252.0,0.5294117647058824,476.0
0307001,1.0,178.0,0.34970530451866405,509.0
0307002,1.0,172.0,0.3379174852652259,509.0
0307003,1.0,159.0,0.31237721021611004,509.0
0308001,1.0,1052.0,0.5166994106090373,2036.0
0308002,1.0,984.0,0.48330058939096265,2036.0
0309001,1.0,1299.0,0.2977991746905089,4362.0
0309002,1.0,1300.0,0.29802842732691426,4362.0
0309003,1.0,816.0,0.18707015130674004,4362.0
0309004,1.0,847.0,0.1941769830353049,4362.0
0309005,1.0,100.0,0.022925263640531865,4362.0
0310001,1.0,516.0,0.5119047619047619,1008.0
0310002,1.0,492.0,0.4880952380952381,1008.0
0311001,1.0,0.0,,0.0
0311002,1.0,0.0,,0.0
0312001,1.0,956.0,0.3290877796901893,2905.0
0312002,1.0,984.0,0.3387263339070568,2905.0
0312003,1.0,965.0,0.33218588640275387,2905.0
0313001,1.0,525.0,0.4700089525514772,1117.0
0313002,1.0,592.0,0.5299910474485229,1117.0
0314001,1.0,126.0,0.504,250.0
0314002,1.0,124.0,0.496,250.0
0315001,1.0,1595.0,1.0,1595.0
0316001,1.0,162.0,1.0,162.0
0317001,1.0,1094.0,0.5057790106333796,2163.0
0317002,1.0,1069.0,0.49422098936662046,2163.0
0318001,1.0,2526.0,0.5333614864864865,4736.0
0318002,1.0,2210.0,0.4666385135135135,4736.0
0319001,1.0,2674.0,1.0,2674.0
0320001,1.0,478.0,0.29781931464174455,1605.0
0320002,1.0,592.0,0.36884735202492214,1605.0
0320003,1.0,535.0,0.3333333333333333,1605.0
0321001,1.0,1891.0,0.2045872552201666,9243.0
0321002,1.0,1730.0,0.1871686681813264,9243.0
0321003,1.0,1094.0,0.11835983987882721,9243.0
0321004,1.0,1185.0,0.1282051282051282,9243.0
0321005,1.0,842.0,0.09109596451368603,9243.0
0321006,1.0,823.0,0.08904035486313967,9243.0
0321007,1.0,911.0,0.09856107324461755,9243.0
0321008,1.0,767.0,0.0829817158931083,9243.0
0322001,1.0,3360.0,1.0,3360.0
0323001,1.0,7.0,0.4117647058823529,17.0
0323002,1.0,10.0,0.5882352941176471,17.0
0324001,1.0,2852.0,1.0,2852.0
0325001,1.0,1218.0,0.41232227488151657,2954.0
0325002,1.0,936.0,0.31685849695328366,2954.0
0325003,1.0,800.0,0.2708192281651997,2954.0
0326001,1.0,649.0,0.22,2950.0
0326002,1.0,1208.0,0.4094915254237288,2950.0
0326003,1.0,1093.0,0.3705084745762712,2950.0
0327001,1.0,3.0,0.23076923076923078,13.0
0327002,1.0,3.0,0.23076923076923078,13.0
0327003,1.0,5.0,0.38461538461538464,13.0
0327004,1.0,2.0,0.15384615384615385,13.0
0328001,1.0,2221.0,1.0,2221.0
0329001,1.0,0.0,,0.0
0330001,1.0,27.0,0.26732673267326734,101.0
0330002,1.0,19.0,0.18811881188118812,101.0
0330003,1.0,28.0,0.27722772277227725,101.0
0330004,1.0,27.0,0.26732673267326734,101.0
0331001,1.0,34.0,1.0,34.0
0332001,1.0,1138.0,0.4854948805460751,2344.0
0332002,1.0,1206.0,0.514505119453925,2344.0
0333001,1.0,500.0,0.0948586605957124,5271.0
0333002,1.0,1279.0,0.2426484538038323,5271.0
0333003,1.0,1199.0,0.2274710681085183,5271.0
0333004,1.0,1138.0,0.2158983115158414,5271.0
0333005,1.0,1155.0,0.21912350597609562,5271.0
0334001,1.0,251.0,0.540948275862069,464.0
0334002,1.0,213.0,0.45905172413793105,464.0
0335001,1.0,1289.0,0.16330926137083493,7893.0
0335002,1.0,1317.0,0.1668567084758647,7893.0
0335003,1.0,993.0,0.1258076776890916,7893.0
0335004,1.0,1622.0,0.20549854301279616,7893.0
0335005,1.0,1140.0,0.14443177499049792,7893.0
0335006,1.0,1532.0,0.19409603446091472,7893.0
0336001,1.0,229.0,0.5240274599542334,437.0
0336002,1.0,208.0,0.4759725400457666,437.0
0336003,1.0,0.0,0.0,437.0
0337001,1.0,511.0,0.5172064777327935,988.0
0337002,1.0,477.0,0.48279352226720645,988.0
0338001,1.0,535.0,1.0,535.0
0339001,1.0,1148.0,0.5711442786069652,2010.0
0339002,1.0,862.0,0.42885572139303485,2010.0
0340001,1.0,1166.0,0.5818363273453094,2004.0
0340002,1.0,838.0,0.4181636726546906,2004.0
0341001,1.0,1256.0,1.0,1256.0
0341002,1.0,0.0,0.0,1256.0
0342001,1.0,296.0,0.4868421052631579,608.0
0342002,1.0,312.0,0.5131578947368421,608.0
0343001,1.0,1446.0,0.24104017336222705,5999.0
0343002,1.0,1693.0,0.28221370228371395,5999.0
0343003,1.0,1367.0,0.22787131188531423,5999.0
0343004,1.0,1493.0,0.2488748124687448,5999.0
0344001,1.0,2736.0,1.0,2736.0
0345001,1.0,0.0,,0.0
0345002,1.0,0.0,,0.0
0346001,1.0,350.0,1.0,350.0
0346002,1.0,0.0,0.0,350.0
0347001,1.0,319.0,0.5087719298245614,627.0
0347002,1.0,308.0,0.49122807017543857,627.0
0348001,1.0,323.0,1.0,323.0
0349001,1.0,1464.0,0.5133239831697055,2852.0
0349002,1.0,1388.0,0.48667601683029454,2852.0
0350001,1.0,1473.0,1.0,1473.0
0351001,1.0,1768.0,0.34118101119258976,5182.0
0351002,1.0,2122.0,0.4094944037051332,5182.0
0351003,1.0,1292.0,0.24932458510227712,5182.0
0352001,1.0,2396.0,1.0,2396.0
0353001,1.0,557.0,0.5049864007252947,1103.0
0353002,1.0,546.0,0.49501359927470534,1103.0
0354001,1.0,582.0,1.0,582.0
0355001,1.0,160.0,0.5047318611987381,317.0
0355002,1.0,157.0,0.4952681388012618,317.0
0356001,1.0,0.0,,0.0
0356002,1.0,0.0,,0.0
0357001,1.0,656.0,0.1516763005780347,4325.0
0357002,1.0,629.0,0.1454335260115607,4325.0
0357003,1.0,241.0,0.055722543352601156,4325.0
0357004,1.0,1023.0,0.23653179190751444,4325.0
0357005,1.0,682.0,0.1576878612716763,4325.0
0357006,1.0,635.0,0.14682080924855492,4325.0
0357007,1.0,459.0,0.1061271676300578,4325.0
0358001,1.0,1971.0,1.0,1971.0
0359001,1.0,72.0,0.5070422535211268,142.0
0359002,1.0,70.0,0.49295774647887325,142.0
0360001,1.0,1779.0,1.0,1779.0
0361001,1.0,1764.0,1.0,1764.0
0362001,1.0,615.0,0.20270270270270271,3034.0
0362002,1.0,1042.0,0.34344100197758737,3034.0
0362003,1.0,731.0,0.24093605800922874,3034.0
0362004,1.0,646.0,0.2129202373104812,3034.0
0363001,1.0,1222.0,0.5529411764705883,2210.0
0363002,1.0,988.0,0.4470588235294118,2210.0
0364001,1.0,1581.0,0.7972768532526475,1983.0
0364002,1.0,402.0,0.2027231467473525,1983.0
0365001,1.0,2622.0,0.21576695194206716,12152.0
0365002,1.0,2711.0,0.22309084924292297,12152.0
0365003,1.0,2652.0,0.21823568136932192,12152.0
0365004,1.0,1297.0,0.10673140223831468,12152.0
0365005,1.0,2870.0,0.23617511520737328,12152.0
0366001,1.0,916.0,0.20584269662921348,4450.0
0366002,1.0,1871.0,0.42044943820224717,4450.0
0366003,1.0,1663.0,0.3737078651685393,4450.0
0367001,1.0,1741.0,0.7111928104575164,2448.0
0367002,1.0,707.0,0.28880718954248363,2448.0
0368001,1.0,1461.0,0.5305010893246187,2754.0
0368002,1.0,1293.0,0.46949891067538124,2754.0
0369001,1.0,920.0,0.49676025917926564,1852.0
0369002,1.0,932.0,0.5032397408207343,1852.0
0370001,1.0,325.0,1.0,325.0
0371001,1.0,842.0,0.25963613937711993,3243.0
0371002,1.0,819.0,0.25254394079555964,3243.0
0371003,1.0,787.0,0.24267653407338885,3243.0
0371004,1.0,795.0,0.24514338575393155,3243.0
0372001,1.0,101.0,0.2671957671957672,378.0
0372002,1.0,91.0,0.24074074074074073,378.0
0372003,1.0,94.0,0.24867724867724866,378.0
0372004,1.0,92.0,0.24338624338624337,378.0
0373001,1.0,1.0,0.3333333333333333,3.0
0373002,1.0,0.0,0.0,3.0
0373003,1.0,2.0,0.6666666666666666,3.0
0374001,1.0,631.0,0.2411157814291173,2617.0
0374002,1.0,1109.0,0.42376767290790984,2617.0
0374003,1.0,877.0,0.3351165456629729,2617.0
0375001,1.0,3574.0,0.5277613703484938,6772.0
0375002,1.0,3198.0,0.4722386296515062,6772.0
0376001,1.0,2375.0,0.19688303075520186,12063.0
0376002,1.0,2875.0,0.23833208986156015,12063.0
0376003,1.0,1589.0,0.13172510984000663,12063.0
0376004,1.0,1142.0,0.09466965099892233,12063.0
0376005,1.0,1306.0,0.10826494238580785,12063.0
0376006,1.0,2776.0,0.2301251761585012,12063.0
0377001,1.0,804.0,1.0,804.0
0377002,1.0,0.0,0.0,804.0
0378001,1.0,2692.0,0.35835995740149096,7512.0
0378002,1.0,2358.0,0.31389776357827476,7512.0
0378003,1.0,2462.0,0.3277422790202343,7512.0
0379001,1.0,0.0,,0.0
0380001,1.0,2414.0,0.25402504472271914,9503.0
0380002,1.0,2323.0,0.2444491213301063,9503.0
0380003,1.0,2343.0,0.2465537198779333,9503.0
0380004,1.0,2423.0,0.2549721140692413,9503.0
0381001,1.0,123.0,0.45555555555555555,270.0
0381002,1.0,147.0,0.5444444444444444,270.0
0382001,1.0,1031.0,0.5300771208226221,1945.0
0382002,1.0,914.0,0.4699228791773779,1945.0
0383001,1.0,620.0,0.5290102389078498,1172.0
0383002,1.0,552.0,0.4709897610921502,1172.0
0384001,1.0,292.0,1.0,292.0
0385001,1.0,251.0,0.5175257731958763,485.0
0385002,1.0,234.0,0.4824742268041237,485.0
0386001,1.0,0.0,,0.0
0387001,1.0,804.0,0.22063666300768386,3644.0
0387002,1.0,756.0,0.2074643249176729,3644.0
0387003,1.0,784.0,0.21514818880351264,3644.0
0387004,1.0,510.0,0.13995609220636662,3644.0
0387005,1.0,790.0,0.216794731064764,3644.0
0388001,1.0,654.0,0.5608919382504288,1166.0
0388002,1.0,512.0,0.4391080617495712,1166.0
0389001,1.0,1377.0,1.0,1377.0
0390001,1.0,1319.0,1.0,1319.0
0391001,1.0,975.0,1.0,975.0
0391002,1.0,0.0,0.0,975.0
0392001,1.0,597.0,0.32516339869281047,1836.0
0392002,1.0,549.0,0.29901960784313725,1836.0
0392003,1.0,400.0,0.2178649237472767,1836.0
0392004,1.0,126.0,0.06862745098039216,1836.0
0392005,1.0,164.0,0.08932461873638345,1836.0
0393001,1.0,495.0,0.46875,1056.0
0393002,1.0,561.0,0.53125,1056.0
0394001,1.0,651.0,0.3698863636363636,1760.0
0394002,1.0,596.0,0.3386363636363636,1760.0
0394003,1.0,513.0,0.29147727272727275,1760.0
0395001,1.0,498.0,1.0,498.0
0396001,1.0,408.0,0.6191198786039454,659.0
0396002,1.0,251.0,0.38088012139605465,659.0
0397001,1.0,420.0,0.16894609814963799,2486.0
0397002,1.0,509.0,0.20474658085277556,2486.0
0397003,1.0,479.0,0.19267900241351568,2486.0
0397004,1.0,536.0,0.21560740144810941,2486.0
0397005,1.0,542.0,0.2180209171359614,2486.0
0398001,1.0,582.0,1.0,582.0
0399001,1.0,181.0,0.49184782608695654,368.0
0399002,1.0,187.0,0.5081521739130435,368.0
0400001,1.0,3588.0,0.3388101983002833,10590.0
0400002,1.0,3469.0,0.3275731822474032,10590.0
0400003,1.0,3533.0,0.3336166194523135,10590.0
0401001,1.0,2064.0,1.0,2064.0
0402001,1.0,237.0,0.47305389221556887,501.0
0402002,1.0,264.0,0.5269461077844312,501.0
0403001,1.0,742.0,0.494996664442962,1499.0
0403002,1.0,757.0,0.505003335557038,1499.0
0404001,1.0,3658.0,0.5216027377727078,7013.0
0404002,1.0,3355.0,0.4783972622272922,7013.0
0405001,1.0,2204.0,0.49740464906341686,4431.0
0405002,1.0,2227.0,0.5025953509365831,4431.0
0406001,1.0,860.0,0.33268858800773693,2585.0
0406002,1.0,855.0,0.3307543520309478,2585.0
0406003,1.0,870.0,0.3365570599613153,2585.0
0407001,1.0,793.0,0.33932391955498503,2337.0
0407002,1.0,801.0,0.3427471116816431,2337.0
0407003,1.0,743.0,0.31792896876337184,2337.0
0408001,1.0,1253.0,0.3316569613552144,3778.0
0408002,1.0,1261.0,0.33377448385389097,3778.0
0408003,1.0,1264.0,0.33456855479089465,3778.0
0409001,1.0,2863.0,0.17943093507144647,15956.0
0409002,1.0,3027.0,0.18970920030082727,15956.0
0409003,1.0,2683.0,0.16814991225871145,15956.0
0409004,1.0,3986.0,0.24981198295312107,15956.0
0409005,1.0,3397.0,0.2128979694158937,15956.0
0410001,1.0,418.0,0.25612745098039214,1632.0
0410002,1.0,389.0,0.23835784313725492,1632.0
0410003,1.0,415.0,0.2542892156862745,1632.0
0410004,1.0,410.0,0.2512254901960784,1632.0
0411001,1.0,574.0,0.31263616557734203,1836.0
0411002,1.0,661.0,0.3600217864923747,1836.0
0411003,1.0,601.0,0.3273420479302832,1836.0
0412001,1.0,292.0,1.0,292.0
0413001,1.0,147.0,1.0,147.0
0414001,1.0,490.0,0.5854241338112306,837.0
0414002,1.0,347.0,0.4145758661887694,837.0
0415001,1.0,221.0,1.0,221.0
0416001,1.0,1247.0,0.4411036434382738,2827.0
0416002,1.0,1580.0,0.5588963565617262,2827.0
0417001,1.0,1139.0,0.6409679234665167,1777.0
0417002,1.0,638.0,0.3590320765334834,1777.0
0418001,1.0,1540.0,0.49122807017543857,3135.0
0418002,1.0,1595.0,0.5087719298245614,3135.0
0419001,1.0,1423.0,0.5102187163858014,2789.0
0419002,1.0,1366.0,0.48978128361419865,2789.0
0420001,1.0,379.0,0.4684796044499382,809.0
0420002,1.0,430.0,0.5315203955500618,809.0
0421001,1.0,117.0,0.5021459227467812,233.0
0421002,1.0,116.0,0.4978540772532189,233.0
0422001,1.0,138.0,1.0,138.0
0423001,1.0,619.0,0.23716475095785441,2610.0
0423002,1.0,682.0,0.26130268199233714,2610.0
0423003,1.0,651.0,0.24942528735632183,2610.0
0423004,1.0,658.0,0.25210727969348656,2610.0
0424001,1.0,698.0,0.527190332326284,1324.0
0424002,1.0,626.0,0.472809667673716,1324.0
0425001,1.0,1093.0,1.0,1093.0
0426001,1.0,1172.0,0.31969448990725585,3666.0
0426002,1.0,1003.0,0.273595199127114,3666.0
0426003,1.0,1054.0,0.287506819421713,3666.0
0426004,1.0,437.0,0.11920349154391707,3666.0
0427001,1.0,254.0,0.35825105782792666,709.0
0427002,1.0,238.0,0.33568406205923834,709.0
0427003,1.0,217.0,0.306064880112835,709.0
0427004,1.0,0.0,0.0,709.0
0428001,1.0,1295.0,0.4901589704769114,2642.0
0428002,1.0,1347.0,0.5098410295230885,2642.0
0429001,1.0,1408.0,1.0,1408.0
0429002,1.0,0.0,0.0,1408.0
0430001,1.0,63.0,0.4064516129032258,155.0
0430002,1.0,58.0,0.3741935483870968,155.0
0430003,1.0,34.0,0.21935483870967742,155.0
0431001,1.0,1799.0,0.39800884955752214,4520.0
0431002,1.0,1317.0,0.29137168141592923,4520.0
0431003,1.0,1404.0,0.3106194690265487,4520.0
0432001,1.0,376.0,1.0,376.0
0432002,1.0,0.0,0.0,376.0
0432003,1.0,0.0,0.0,376.0
0432004,1.0,0.0,0.0,376.0
0433001,1.0,23.0,0.34328358208955223,67.0
0433002,1.0,17.0,0.2537313432835821,67.0
0433003,1.0,20.0,0.29850746268656714,67.0
0433004,1.0,7.0,0.1044776119402985,67.0
0434001,1.0,28.0,1.0,28.0
0435001,1.0,703.0,0.5010691375623664,1403.0
0435002,1.0,700.0,0.4989308624376336,1403.0
0436001,1.0,706.0,1.0,706.0
0437001,1.0,645.0,0.12446931686607487,5182.0
0437002,1.0,1083.0,0.2089926669239676,5182.0
0437003,1.0,1001.0,0.19316866074874567,5182.0
0437004,1.0,835.0,0.16113469702817446,5182.0
0437005,1.0,697.0,0.13450405248938635,5182.0
0437006,1.0,921.0,0.1777306059436511,5182.0
0438001,1.0,1247.0,0.35689753863766455,3494.0
0438002,1.0,1115.0,0.31911848883800803,3494.0
0438003,1.0,1132.0,0.3239839725243274,3494.0
0438004,1.0,0.0,0.0,3494.0
0439001,1.0,4371.0,0.3568454567719814,12249.0
0439002,1.0,3450.0,0.2816556453588048,12249.0
0439003,1.0,4428.0,0.3614988978692138,12249.0
0440001,1.0,4682.0,1.0,4682.0
0440002,1.0,0.0,0.0,4682.0
0441001,1.0,2115.0,0.5169885113664141,4091.0
0441002,1.0,1976.0,0.4830114886335859,4091.0
0441003,1.0,0.0,0.0,4091.0
0441004,1.0,0.0,0.0,4091.0
0442001,1.0,1499.0,0.21577659421332948,6947.0
0442002,1.0,2155.0,0.31020584424931624,6947.0
0442003,1.0,1887.0,0.2716280408809558,6947.0
0442004,1.0,1406.0,0.20238952065639845,6947.0
0443001,1.0,1215.0,0.38243626062322944,3177.0
0443002,1.0,1962.0,0.6175637393767706,3177.0
0444001,1.0,280.0,0.48109965635738833,582.0
0444002,1.0,302.0,0.5189003436426117,582.0
0445001,1.0,0.0,,0.0
0446001,1.0,1357.0,1.0,1357.0
0446002,1.0,0.0,0.0,1357.0
0447001,1.0,2207.0,0.35442428135538784,6227.0
0447002,1.0,2020.0,0.32439376907017825,6227.0
0447003,1.0,2000.0,0.3211819495744339,6227.0
0448001,1.0,413.0,0.528809218950064,781.0
0448002,1.0,368.0,0.471190781049936,781.0
0449001,1.0,315.0,0.3224155578300921,977.0
0449002,1.0,332.0,0.3398157625383828,977.0
0449003,1.0,330.0,0.33776867963152507,977.0
0450001,1.0,336.0,1.0,336.0
0451001,1.0,812.0,0.33429394812680113,2429.0
0451002,1.0,783.0,0.322354878550844,2429.0
0451003,1.0,834.0,0.3433511733223549,2429.0
0451004,1.0,0.0,0.0,2429.0
0452001,1.0,820.0,0.5061728395061729,1620.0
0452002,1.0,800.0,0.49382716049382713,1620.0
0453001,1.0,559.0,0.2560696289509849,2183.0
0453002,1.0,538.0,0.24644983967017867,2183.0
0453003,1.0,531.0,0.24324324324324326,2183.0
0453004,1.0,555.0,0.2542372881355932,2183.0
0454001,1.0,474.0,0.24947368421052632,1900.0
0454002,1.0,444.0,0.2336842105263158,1900.0
0454003,1.0,220.0,0.11578947368421053,1900.0
0454004,1.0,402.0,0.21157894736842106,1900.0
0454005,1.0,360.0,0.18947368421052632,1900.0
0455001,1.0,1716.0,0.4789282723974323,3583.0
0455002,1.0,1867.0,0.5210717276025677,3583.0
0456001,1.0,1922.0,1.0,1922.0
0457001,1.0,66.0,0.3157894736842105,209.0
0457002,1.0,71.0,0.3397129186602871,209.0
0457003,1.0,72.0,0.3444976076555024,209.0
0458001,1.0,580.0,0.5725567620927937,1013.0
0458002,1.0,433.0,0.42744323790720634,1013.0
0459001,1.0,1977.0,0.23120102911940124,8551.0
0459002,1.0,1211.0,0.1416208630569524,8551.0
0459003,1.0,1168.0,0.1365922114372588,8551.0
0459004,1.0,1988.0,0.23248742837095077,8551.0
0459005,1.0,911.0,0.10653724710560168,8551.0
0459006,1.0,1296.0,0.15156122090983512,8551.0
0460001,1.0,1171.0,0.36639549436795993,3196.0
0460002,1.0,1024.0,0.32040050062578224,3196.0
0460003,1.0,1001.0,0.31320400500625784,3196.0
0461001,1.0,1149.0,1.0,1149.0
0462001,1.0,533.0,0.3166963755199049,1683.0
0462002,1.0,506.0,0.3006535947712418,1683.0
0462003,1.0,644.0,0.38265002970885326,1683.0
0463001,1.0,661.0,1.0,661.0
0464001,1.0,598.0,0.5124250214224507,1167.0
0464002,1.0,569.0,0.4875749785775493,1167.0
0465001,1.0,286.0,0.3337222870478413,857.0
0465002,1.0,286.0,0.3337222870478413,857.0
0465003,1.0,285.0,0.33255542590431736,857.0
0466001,1.0,4293.0,1.0,4293.0
0466002,1.0,0.0,0.0,4293.0
0467001,1.0,256.0,0.5140562248995983,498.0
0467002,1.0,242.0,0.4859437751004016,498.0
0468001,1.0,901.0,0.559975139838409,1609.0
0468002,1.0,708.0,0.44002486016159104,1609.0
0468003,1.0,0.0,0.0,1609.0
0469001,1.0,268.0,0.48028673835125446,558.0
0469002,1.0,290.0,0.5197132616487455,558.0
0469003,1.0,0.0,0.0,558.0
0469004,1.0,0.0,0.0,558.0
0470001,1.0,539.0,0.46747614917606245,1153.0
0470002,1.0,614.0,0.5325238508239376,1153.0
0470003,1.0,0.0,0.0,1153.0
0471001,1.0,1345.0,0.519907228449942,2587.0
0471002,1.0,1242.0,0.480092771550058,2587.0
0472001,1.0,651.0,0.4916918429003021,1324.0
0472002,1.0,673.0,0.5083081570996979,1324.0
0472003,1.0,0.0,0.0,1324.0
0473001,1.0,277.0,0.5009041591320073,553.0
0473002,1.0,276.0,0.49909584086799275,553.0
0474001,1.0,926.0,1.0,926.0
0474002,1.0,0.0,0.0,926.0
0474003,1.0,0.0,0.0,926.0
0475001,1.0,76.0,0.3153526970954357,241.0
0475002,1.0,83.0,0.34439834024896265,241.0
0475003,1.0,82.0,0.34024896265560167,241.0
0475004,1.0,0.0,0.0,241.0
0476001,1.0,3776.0,0.228543759835371,16522.0
0476002,1.0,3473.0,0.2102045757172255,16522.0
0476003,1.0,4626.0,0.27999031594237983,16522.0
0476004,1.0,2152.0,0.1302505749909212,16522.0
0476005,1.0,2495.0,0.15101077351410241,16522.0
0477001,1.0,547.0,0.3333333333333333,1641.0
0477002,1.0,543.0,0.33089579524680074,1641.0
0477003,1.0,551.0,0.33577087141986595,1641.0
0478001,1.0,881.0,0.2527977044476327,3485.0
0478002,1.0,956.0,0.27431850789096124,3485.0
0478003,1.0,812.0,0.23299856527977045,3485.0
0478004,1.0,836.0,0.2398852223816356,3485.0
0479001,1.0,401.0,0.1919578745811393,2089.0
0479002,1.0,415.0,0.1986596457635232,2089.0
0479003,1.0,477.0,0.22833891814265198,2089.0
0479004,1.0,564.0,0.26998563906175205,2089.0
0479005,1.0,232.0,0.11105792245093346,2089.0
0480001,1.0,7.0,0.28,25.0
0480002,1.0,2.0,0.08,25.0
0480003,1.0,6.0,0.24,25.0
0480004,1.0,1.0,0.04,25.0
0480005,1.0,1.0,0.04,25.0
0480006,1.0,7.0,0.28,25.0
0480007,1.0,1.0,0.04,25.0
0481001,1.0,0.0,,0.0
0481002,1.0,0.0,,0.0
0482001,1.0,0.0,,0.0
0483001,1.0,3730.0,0.245136698212408,15216.0
0483002,1.0,3938.0,0.25880651945320715,15216.0
0483003,1.0,3765.0,0.24743690851735015,15216.0
0483004,1.0,3783.0,0.2486198738170347,15216.0
0484001,1.0,525.0,0.3400259067357513,1544.0
0484002,1.0,506.0,0.327720207253886,1544.0
0484003,1.0,513.0,0.3322538860103627,1544.0
0485001,1.0,490.0,1.0,490.0
0486001,1.0,651.0,1.0,651.0
0486002,1.0,0.0,0.0,651.0
0487001,1.0,603.0,1.0,603.0
0488001,1.0,626.0,1.0,626.0
0488002,1.0,0.0,0.0,626.0
0489001,1.0,3337.0,0.1639320102181175,20356.0
0489002,1.0,2980.0,0.14639418353311062,20356.0
0489003,1.0,2790.0,0.13706032619375122,20356.0
0489004,1.0,4116.0,0.20220082530949107,20356.0
0489005,1.0,3087.0,0.1516506189821183,20356.0
0489006,1.0,2848.0,0.13990960896050306,20356.0
0489007,1.0,1198.0,0.05885242680290823,20356.0
0490001,1.0,2725.0,0.34864380757420677,7816.0
0490002,1.0,2512.0,0.32139201637666326,7816.0
0490003,1.0,2579.0,0.32996417604913,7816.0
0491001,1.0,1228.0,0.33634620651876196,3651.0
0491002,1.0,1223.0,0.3349767187072035,3651.0
0491003,1.0,1200.0,0.3286770747740345,3651.0
0491004,1.0,0.0,0.0,3651.0
0492001,1.0,3799.0,1.0,3799.0
0493001,1.0,3450.0,0.3299540933435348,10456.0
0493002,1.0,3515.0,0.3361706197398623,10456.0
0493003,1.0,3491.0,0.3338752869166029,10456.0
0494001,1.0,933.0,0.3274833274833275,2849.0
0494002,1.0,954.0,0.33485433485433486,2849.0
0494003,1.0,962.0,0.33766233766233766,2849.0
0495001,1.0,260.0,0.3359173126614987,774.0
0495002,1.0,256.0,0.330749354005168,774.0
0495003,1.0,258.0,0.3333333333333333,774.0
0496001,1.0,299.0,0.3218514531754575,929.0
0496002,1.0,307.0,0.3304628632938644,929.0
0496003,1.0,323.0,0.34768568353067814,929.0
0497001,1.0,95.0,0.25,380.0
0497002,1.0,95.0,0.25,380.0
0497003,1.0,95.0,0.25,380.0
0497004,1.0,95.0,0.25,380.0
0498001,1.0,264.0,0.2573099415204678,1026.0
0498002,1.0,266.0,0.25925925925925924,1026.0
0498003,1.0,264.0,0.2573099415204678,1026.0
0498004,1.0,232.0,0.22612085769980506,1026.0
0499001,1.0,245.0,0.25843881856540085,948.0
0499002,1.0,268.0,0.28270042194092826,948.0
0499003,1.0,264.0,0.27848101265822783,948.0
0499004,1.0,171.0,0.18037974683544303,948.0
0500001,1.0,1044.0,0.20896717373899118,4996.0
0500002,1.0,953.0,0.19075260208166533,4996.0
0500003,1.0,1159.0,0.23198558847077663,4996.0
0500004,1.0,1047.0,0.20956765412329864,4996.0
0500005,1.0,793.0,0.1587269815852682,4996.0
0501001,1.0,1157.0,0.3272058823529412,3536.0
0501002,1.0,1225.0,0.3464366515837104,3536.0
0501003,1.0,1154.0,0.3263574660633484,3536.0
0502001,1.0,352.0,0.25089094796863864,1403.0
0502002,1.0,344.0,0.2451888809693514,1403.0
0502003,1.0,352.0,0.25089094796863864,1403.0
0502004,1.0,355.0,0.25302922309337134,1403.0
0503001,1.0,345.0,0.34124629080118696,1011.0
0503002,1.0,341.0,0.33728981206726016,1011.0
0503003,1.0,325.0,0.32146389713155293,1011.0
0504001,1.0,330.0,0.3254437869822485,1014.0
0504002,1.0,342.0,0.33727810650887574,1014.0
0504003,1.0,342.0,0.33727810650887574,1014.0
0505001,1.0,3366.0,0.2662342798386459,12643.0
0505002,1.0,3005.0,0.23768093015898126,12643.0
0505003,1.0,3450.0,0.27287827256189195,12643.0
0505004,1.0,2822.0,0.2232065174404809,12643.0
0506001,1.0,3944.0,0.24270769230769232,16250.0
0506002,1.0,2751.0,0.1692923076923077,16250.0
0506003,1.0,3481.0,0.2142153846153846,16250.0
0506004,1.0,3412.0,0.20996923076923077,16250.0
0506005,1.0,2662.0,0.1638153846153846,16250.0
0507001,1.0,1861.0,1.0,1861.0
0507002,1.0,0.0,0.0,1861.0
0508001,1.0,1677.0,0.3340637450199203,5020.0
0508002,1.0,1642.0,0.32709163346613546,5020.0
0508003,1.0,1701.0,0.33884462151394423,5020.0
0509001,1.0,2046.0,0.3054643177067781,6698.0
0509002,1.0,2357.0,0.3518960883845924,6698.0
0509003,1.0,2295.0,0.3426395939086294,6698.0
0510001,1.0,2309.0,0.33911000146864445,6809.0
0510002,1.0,2224.0,0.32662652371860773,6809.0
0510003,1.0,2276.0,0.3342634748127478,6809.0
0511001,1.0,1425.0,0.3170189098998888,4495.0
0511002,1.0,1463.0,0.3254727474972191,4495.0
0511003,1.0,1607.0,0.3575083426028921,4495.0
0512001,1.0,3244.0,1.0,3244.0
0513001,1.0,2621.0,0.26004563944835796,10079.0
0513002,1.0,2291.0,0.22730429606111718,10079.0
0513003,1.0,2790.0,0.2768131759103086,10079.0
0513004,1.0,2377.0,0.2358368885802163,10079.0
0514001,1.0,3226.0,0.30293924312141984,10649.0
0514002,1.0,3436.0,0.3226594046389332,10649.0
0514003,1.0,1218.0,0.11437693680157761,10649.0
0514004,1.0,2769.0,0.2600244154380693,10649.0
0515001,1.0,0.0,,0.0
0516001,1.0,461.0,1.0,461.0
0516002,1.0,0.0,0.0,461.0
0516003,1.0,0.0,0.0,461.0
0517001,1.0,591.0,0.27110091743119263,2180.0
0517002,1.0,521.0,0.2389908256880734,2180.0
0517003,1.0,496.0,0.22752293577981653,2180.0
0517004,1.0,572.0,0.26238532110091745,2180.0
0518001,1.0,538.0,0.5,1076.0
0518002,1.0,538.0,0.5,1076.0
0518003,1.0,0.0,0.0,1076.0
0519001,1.0,815.0,0.5719298245614035,1425.0
0519002,1.0,610.0,0.4280701754385965,1425.0
0519003,1.0,0.0,0.0,1425.0
0520001,1.0,637.0,0.2947709393799167,2161.0
0520002,1.0,426.0,0.19713095788986582,2161.0
0520003,1.0,611.0,0.2827394724664507,2161.0
0520004,1.0,487.0,0.22535863026376676,2161.0
0521001,1.0,165.0,0.26025236593059936,634.0
0521002,1.0,161.0,0.2539432176656151,634.0
0521003,1.0,154.0,0.24290220820189273,634.0
0521004,1.0,154.0,0.24290220820189273,634.0
0522001,1.0,127.0,0.3469945355191257,366.0
0522002,1.0,120.0,0.32786885245901637,366.0
0522003,1.0,119.0,0.3251366120218579,366.0
0523001,1.0,346.0,0.5,692.0
0523002,1.0,346.0,0.5,692.0
0523003,1.0,0.0,0.0,692.0
0524001,1.0,514.0,0.5404837013669821,951.0
0524002,1.0,437.0,0.45951629863301785,951.0
0524003,1.0,0.0,0.0,951.0
0525001,1.0,610.0,0.25332225913621265,2408.0
0525002,1.0,596.0,0.24750830564784054,2408.0
0525003,1.0,610.0,0.25332225913621265,2408.0
0525004,1.0,592.0,0.24584717607973422,2408.0
0526001,1.0,452.0,0.3282498184458969,1377.0
0526002,1.0,459.0,0.3333333333333333,1377.0
0526003,1.0,466.0,0.3384168482207698,1377.0
0526004,1.0,0.0,0.0,1377.0
0527001,1.0,1050.0,0.22766695576756288,4612.0
0527002,1.0,1259.0,0.2729835212489159,4612.0
0527003,1.0,1216.0,0.26366001734605377,4612.0
0527004,1.0,1087.0,0.2356895056374675,4612.0
0528001,1.0,677.0,0.13220074204256982,5121.0
0528002,1.0,1027.0,0.20054676820933412,5121.0
0528003,1.0,624.0,0.12185120093731693,5121.0
0528004,1.0,825.0,0.1611013473930873,5121.0
0528005,1.0,805.0,0.1571958601835579,5121.0
0528006,1.0,1163.0,0.22710408123413395,5121.0
0529001,1.0,383.0,0.48115577889447236,796.0
0529002,1.0,413.0,0.5188442211055276,796.0
0529003,1.0,0.0,0.0,796.0
0530001,1.0,486.0,0.33986013986013985,1430.0
0530002,1.0,484.0,0.3384615384615385,1430.0
0530003,1.0,460.0,0.32167832167832167,1430.0
0531001,1.0,164.0,0.3234714003944773,507.0
0531002,1.0,193.0,0.3806706114398422,507.0
0531003,1.0,150.0,0.2958579881656805,507.0
0532001,1.0,317.0,0.32613168724279834,972.0
0532002,1.0,321.0,0.33024691358024694,972.0
0532003,1.0,334.0,0.3436213991769547,972.0
0533001,1.0,480.0,0.4804804804804805,999.0
0533002,1.0,519.0,0.5195195195195195,999.0
0534001,1.0,817.0,1.0,817.0
0534002,1.0,0.0,0.0,817.0
0534003,1.0,0.0,0.0,817.0
0535001,1.0,1376.0,1.0,1376.0
0536001,1.0,789.0,0.19044170890658943,4143.0
0536002,1.0,385.0,0.09292783007482501,4143.0
0536003,1.0,496.0,0.11972000965483949,4143.0
0536004,1.0,326.0,0.07868694182959209,4143.0
0536005,1.0,528.0,0.1274438812454743,4143.0
0536006,1.0,485.0,0.11706492879555877,4143.0
0536007,1.0,287.0,0.06927347332850592,4143.0
0536008,1.0,382.0,0.092203717113203,4143.0
0536009,1.0,465.0,0.11223750905141203,4143.0
0537001,1.0,2984.0,0.21679744260389422,13764.0
0537002,1.0,2692.0,0.19558267945364718,13764.0
0537003,1.0,2885.0,0.20960476605637895,13764.0
0537004,1.0,2366.0,0.17189770415576866,13764.0
0537005,1.0,1551.0,0.11268526591107236,13764.0
0537006,1.0,1286.0,0.09343214181923859,13764.0
0538001,1.0,1446.0,0.3194168323392976,4527.0
0538002,1.0,1425.0,0.314777998674619,4527.0
0538003,1.0,1323.0,0.2922465208747515,4527.0
0538004,1.0,333.0,0.073558648111332,4527.0
0539001,1.0,2037.0,1.0,2037.0
0540001,1.0,1712.0,0.333788262819263,5129.0
0540002,1.0,1720.0,0.3353480210567362,5129.0
0540003,1.0,1697.0,0.3308637161240008,5129.0
0541001,1.0,632.0,1.0,632.0
0541002,1.0,0.0,0.0,632.0
0541003,1.0,0.0,0.0,632.0
0541004,1.0,0.0,0.0,632.0
0542001,1.0,803.0,0.2659821132825439,3019.0
0542002,1.0,746.0,0.24710168930109308,3019.0
0542003,1.0,757.0,0.25074527989400464,3019.0
0542004,1.0,713.0,0.2361709175223584,3019.0
0543001,1.0,208.0,0.48148148148148145,432.0
0543002,1.0,224.0,0.5185185185185185,432.0
0544001,1.0,782.0,0.35004476275738583,2234.0
0544002,1.0,714.0,0.3196060877350045,2234.0
0544003,1.0,738.0,0.3303491495076097,2234.0
0544004,1.0,0.0,0.0,2234.0
0545001,1.0,846.0,0.2636335306949205,3209.0
0545002,1.0,773.0,0.24088501090682454,3209.0
0545003,1.0,858.0,0.267373013399813,3209.0
0545004,1.0,732.0,0.22810844499844188,3209.0
0546001,1.0,1034.0,0.5589189189189189,1850.0
0546002,1.0,816.0,0.4410810810810811,1850.0
0547001,1.0,1106.0,0.21334876543209877,5184.0
0547002,1.0,1138.0,0.2195216049382716,5184.0
0547003,1.0,1082.0,0.20871913580246915,5184.0
0547004,1.0,732.0,0.1412037037037037,5184.0
0547005,1.0,1126.0,0.21720679012345678,5184.0
0548001,1.0,3014.0,0.17601027797243635,17124.0
0548002,1.0,1173.0,0.06850035038542397,17124.0
0548003,1.0,3277.0,0.19136883905629526,17124.0
0548004,1.0,1321.0,0.07714319084326092,17124.0
0548005,1.0,1733.0,0.10120298995561784,17124.0
0548006,1.0,1104.0,0.0644709180098108,17124.0
0548007,1.0,1478.0,0.08631160943704742,17124.0
0548008,1.0,708.0,0.04134548002803083,17124.0
0548009,1.0,838.0,0.0489371642139687,17124.0
0548010,1.0,2478.0,0.14470918009810793,17124.0
0549001,1.0,0.0,,0.0
0550001,1.0,250.0,0.33602150537634407,744.0
0550002,1.0,259.0,0.3481182795698925,744.0
0550003,1.0,235.0,0.31586021505376344,744.0
0551001,1.0,2924.0,0.3534388976187598,8273.0
0551002,1.0,2695.0,0.32575849147830294,8273.0
0551003,1.0,2654.0,0.32080261090293727,8273.0
0552001,1.0,756.0,0.15038790531131888,5027.0
0552002,1.0,681.0,0.1354684702605928,5027.0
0552003,1.0,757.0,0.15058683111199522,5027.0
0552004,1.0,681.0,0.1354684702605928,5027.0
0552005,1.0,738.0,0.14680724089914463,5027.0
0552006,1.0,751.0,0.14939327630793714,5027.0
0552007,1.0,663.0,0.13188780584841853,5027.0
0553001,1.0,615.0,0.306580259222333,2006.0
0553002,1.0,346.0,0.17248255234297108,2006.0
0553003,1.0,376.0,0.18743768693918245,2006.0
0553004,1.0,410.0,0.20438683948155534,2006.0
0553005,1.0,259.0,0.12911266201395813,2006.0
0554001,1.0,1518.0,0.2010063559322034,7552.0
0554002,1.0,1505.0,0.19928495762711865,7552.0
0554003,1.0,1576.0,0.2086864406779661,7552.0
0554004,1.0,1575.0,0.2085540254237288,7552.0
0554005,1.0,1378.0,0.18246822033898305,7552.0
0555001,1.0,956.0,0.3571161748225626,2677.0
0555002,1.0,1721.0,0.6428838251774375,2677.0
0556001,1.0,738.0,0.06966207287143666,10594.0
0556002,1.0,1290.0,0.12176703794600717,10594.0
0556003,1.0,434.0,0.04096658485935435,10594.0
0556004,1.0,1181.0,0.11147819520483293,10594.0
0556005,1.0,851.0,0.0803284878232962,10594.0
0556006,1.0,900.0,0.08495374740419105,10594.0
0556007,1.0,1372.0,0.12950726826505568,10594.0
0556008,1.0,1279.0,0.12072871436662262,10594.0
0556009,1.0,1313.0,0.12393807815744762,10594.0
0556010,1.0,1236.0,0.11666981310175571,10594.0
0557001,1.0,502.0,0.16141479099678457,3110.0
0557002,1.0,551.0,0.17717041800643088,3110.0
0557003,1.0,498.0,0.16012861736334405,3110.0
0557004,1.0,541.0,0.17395498392282957,3110.0
0557005,1.0,484.0,0.15562700964630224,3110.0
0557006,1.0,534.0,0.17170418006430868,3110.0
0558001,1.0,1339.0,0.33358246138515196,4014.0
0558002,1.0,1335.0,0.3325859491778774,4014.0
0558003,1.0,1340.0,0.3338315894369706,4014.0
0559001,1.0,700.0,0.51698670605613,1354.0
0559002,1.0,654.0,0.48301329394387,1354.0
0559003,1.0,0.0,0.0,1354.0
0560001,1.0,961.0,1.0,961.0
0561001,1.0,760.0,0.4578313253012048,1660.0
0561002,1.0,900.0,0.5421686746987951,1660.0
0561003,1.0,0.0,0.0,1660.0
0562001,1.0,408.0,1.0,408.0
0562002,1.0,0.0,0.0,408.0
0562003,1.0,0.0,0.0,408.0
0563001,1.0,868.0,0.351559335763467,2469.0
0563002,1.0,802.0,0.3248278655326043,2469.0
0563003,1.0,799.0,0.32361279870392873,2469.0
0564001,1.0,157.0,1.0,157.0
0565001,1.0,110.0,0.29023746701846964,379.0
0565002,1.0,122.0,0.32189973614775724,379.0
0565003,1.0,147.0,0.38786279683377306,379.0
0566001,1.0,396.0,0.2397094430992736,1652.0
0566002,1.0,437.0,0.2645278450363196,1652.0
0566003,1.0,398.0,0.24092009685230023,1652.0
0566004,1.0,421.0,0.25484261501210653,1652.0
0567001,1.0,532.0,0.24836601307189543,2142.0
0567002,1.0,510.0,0.23809523809523808,2142.0
0567003,1.0,550.0,0.2567693744164332,2142.0
0567004,1.0,550.0,0.2567693744164332,2142.0
0568001,1.0,1400.0,0.29723991507430997,4710.0
0568002,1.0,1262.0,0.26794055201698513,4710.0
0568003,1.0,1107.0,0.23503184713375797,4710.0
0568004,1.0,941.0,0.19978768577494693,4710.0
0569001,1.0,2009.0,0.2994485020122224,6709.0
0569002,1.0,1991.0,0.2967655388284394,6709.0
0569003,1.0,2007.0,0.29915039499180207,6709.0
0569004,1.0,702.0,0.10463556416753615,6709.0
0570001,1.0,1346.0,0.30583958191320154,4401.0
0570002,1.0,506.0,0.11497386957509657,4401.0
0570003,1.0,1251.0,0.2842535787321063,4401.0
0570004,1.0,1298.0,0.29493296977959554,4401.0
0571001,1.0,1531.0,0.24355711104040725,6286.0
0571002,1.0,1783.0,0.28364619790009543,6286.0
0571003,1.0,1435.0,0.22828507795100222,6286.0
0571004,1.0,1537.0,0.24451161310849506,6286.0
0572001,1.0,1524.0,0.2766884531590414,5508.0
0572002,1.0,1482.0,0.2690631808278867,5508.0
0572003,1.0,1101.0,0.19989106753812635,5508.0
0572004,1.0,1401.0,0.25435729847494554,5508.0
0573001,1.0,256.0,0.3176178660049628,806.0
0573002,1.0,274.0,0.3399503722084367,806.0
0573003,1.0,276.0,0.3424317617866005,806.0
0574001,1.0,1327.0,0.35691231845078,3718.0
0574002,1.0,1132.0,0.3044647660032275,3718.0
0574003,1.0,1259.0,0.33862291554599244,3718.0
0575001,1.0,672.0,1.0,672.0
0576001,1.0,574.0,0.32818753573470555,1749.0
0576002,1.0,572.0,0.3270440251572327,1749.0
0576003,1.0,603.0,0.34476843910806176,1749.0
0577001,1.0,884.0,0.3443708609271523,2567.0
0577002,1.0,814.0,0.31710167510712894,2567.0
0577003,1.0,869.0,0.33852746396571876,2567.0
0578001,1.0,439.0,0.126878612716763,3460.0
0578002,1.0,681.0,0.1968208092485549,3460.0
0578003,1.0,822.0,0.2375722543352601,3460.0
0578004,1.0,653.0,0.18872832369942197,3460.0
0578005,1.0,865.0,0.25,3460.0
0579001,1.0,712.0,0.33193473193473194,2145.0
0579002,1.0,719.0,0.3351981351981352,2145.0
0579003,1.0,714.0,0.3328671328671329,2145.0
0580001,1.0,1865.0,0.21114004302049133,8833.0
0580002,1.0,736.0,0.08332389901505717,8833.0
0580003,1.0,1366.0,0.1546473451828371,8833.0
0580004,1.0,1076.0,0.12181591758179554,8833.0
0580005,1.0,1114.0,0.12611796671572512,8833.0
0580006,1.0,903.0,0.10223027284048454,8833.0
0580007,1.0,396.0,0.0448318804483188,8833.0
0580008,1.0,626.0,0.07087059889052418,8833.0
0580009,1.0,751.0,0.08502207630476621,8833.0
0581001,1.0,566.0,0.63954802259887,885.0
0581002,1.0,319.0,0.36045197740112994,885.0
0582001,1.0,640.0,0.20106817467797675,3183.0
0582002,1.0,559.0,0.17562048382029533,3183.0
0582003,1.0,550.0,0.17279296261388627,3183.0
0582004,1.0,498.0,0.15645617342130066,3183.0
0582005,1.0,505.0,0.15865535658184102,3183.0
0582006,1.0,431.0,0.13540684888469998,3183.0
0583001,1.0,104.0,0.49523809523809526,210.0
0583002,1.0,106.0,0.5047619047619047,210.0
0584001,1.0,74.0,0.1494949494949495,495.0
0584002,1.0,67.0,0.13535353535353536,495.0
0584003,1.0,80.0,0.16161616161616163,495.0
0584004,1.0,58.0,0.11717171717171718,495.0
0584005,1.0,51.0,0.10303030303030303,495.0
0584006,1.0,45.0,0.09090909090909091,495.0
0584007,1.0,81.0,0.16363636363636364,495.0
0584008,1.0,39.0,0.07878787878787878,495.0
0585001,1.0,3001.0,0.26524659713629134,11314.0
0585002,1.0,3306.0,0.2922043485946615,11314.0
0585003,1.0,2078.0,0.18366625419833835,11314.0
0585004,1.0,2929.0,0.25888280007070885,11314.0
0586001,1.0,2348.0,0.3306110954660659,7102.0
0586002,1.0,2356.0,0.3317375387214869,7102.0
0586003,1.0,2398.0,0.3376513658124472,7102.0
0587001,1.0,1188.0,1.0,1188.0
0587002,1.0,0.0,0.0,1188.0
0587003,1.0,0.0,0.0,1188.0
0588001,1.0,1203.0,0.3353777529969334,3587.0
0588002,1.0,1240.0,0.3456927794814608,3587.0
0588003,1.0,1144.0,0.3189294675216058,3587.0
0589001,1.0,743.0,0.2657367668097282,2796.0
0589002,1.0,662.0,0.23676680972818312,2796.0
0589003,1.0,732.0,0.26180257510729615,2796.0
0589004,1.0,659.0,0.23569384835479257,2796.0
0590001,1.0,1521.0,0.17438660857601468,8722.0
0590002,1.0,943.0,0.10811740426507682,8722.0
0590003,1.0,970.0,0.11121302453565696,8722.0
0590004,1.0,1402.0,0.16074294886493923,8722.0
0590005,1.0,735.0,0.08426966292134831,8722.0
0590006,1.0,1066.0,0.12221967438660858,8722.0
0590007,1.0,1185.0,0.13586333409768403,8722.0
0590008,1.0,900.0,0.10318734235267141,8722.0
0591001,1.0,438.0,0.5116822429906542,856.0
0591002,1.0,418.0,0.4883177570093458,856.0
0591003,1.0,0.0,0.0,856.0
0592001,1.0,1843.0,1.0,1843.0
0593001,1.0,1721.0,0.3442,5000.0
0593002,1.0,1622.0,0.3244,5000.0
0593003,1.0,1657.0,0.3314,5000.0
0594001,1.0,0.0,,0.0
0595001,1.0,938.0,0.35966257668711654,2608.0
0595002,1.0,841.0,0.32246932515337423,2608.0
0595003,1.0,829.0,0.3178680981595092,2608.0
0596001,1.0,835.0,0.20257156720038816,4122.0
0596002,1.0,790.0,0.19165453663270257,4122.0
0596003,1.0,576.0,0.13973799126637554,4122.0
0596004,1.0,472.0,0.11450752062105773,4122.0
0596005,1.0,431.0,0.10456089277049976,4122.0
0596006,1.0,431.0,0.10456089277049976,4122.0
0596007,1.0,587.0,0.14240659873847647,4122.0
0597001,1.0,1272.0,0.1995920288718029,6373.0
0597002,1.0,1513.0,0.2374078142162247,6373.0
0597003,1.0,1231.0,0.1931586380040797,6373.0
0597004,1.0,1390.0,0.21810764161305507,6373.0
0597005,1.0,967.0,0.1517338772948376,6373.0
0598001,1.0,666.0,0.1083984375,6144.0
0598002,1.0,1212.0,0.197265625,6144.0
0598003,1.0,790.0,0.12858072916666666,6144.0
0598004,1.0,1107.0,0.18017578125,6144.0
0598005,1.0,669.0,0.10888671875,6144.0
0598006,1.0,883.0,0.14371744791666666,6144.0
0598007,1.0,817.0,0.13297526041666666,6144.0
0599001,1.0,1386.0,1.0,1386.0
0600001,1.0,861.0,0.24315165207568484,3541.0
0600002,1.0,1103.0,0.3114939282688506,3541.0
0600003,1.0,422.0,0.11917537418808247,3541.0
0600004,1.0,1155.0,0.3261790454673821,3541.0
0601001,1.0,925.0,0.1737741874882585,5323.0
0601002,1.0,1142.0,0.21454067255307158,5323.0
0601003,1.0,1007.0,0.18917903437910952,5323.0
0601004,1.0,646.0,0.12136013526207026,5323.0
0601005,1.0,560.0,0.10520383242532406,5323.0
0601006,1.0,677.0,0.12718391884275784,5323.0
0601007,1.0,366.0,0.06875821904940822,5323.0
0602001,1.0,479.0,0.3296627666896077,1453.0
0602002,1.0,479.0,0.3296627666896077,1453.0
0602003,1.0,495.0,0.3406744666207846,1453.0
0603001,1.0,1099.0,0.2509705412194565,4379.0
0603002,1.0,1118.0,0.2553094313770267,4379.0
0603003,1.0,1062.0,0.24252112354418817,4379.0
0603004,1.0,1100.0,0.25119890385932864,4379.0
0604001,1.0,249.0,0.3526912181303116,706.0
0604002,1.0,234.0,0.3314447592067989,706.0
0604003,1.0,223.0,0.31586402266288954,706.0
0604004,1.0,0.0,0.0,706.0
0605001,1.0,0.0,,0.0
0605002,1.0,0.0,,0.0
0606001,1.0,47.0,0.5402298850574713,87.0
0606002,1.0,40.0,0.45977011494252873,87.0
0606003,1.0,0.0,0.0,87.0
0607001,1.0,295.0,1.0,295.0
0608001,1.0,245.0,0.32666666666666666,750.0
0608002,1.0,241.0,0.32133333333333336,750.0
0608003,1.0,264.0,0.352,750.0
0609001,1.0,120.0,0.5555555555555556,216.0
0609002,1.0,96.0,0.4444444444444444,216.0
0609003,1.0,0.0,0.0,216.0
0610001,1.0,205.0,0.46697038724373574,439.0
0610002,1.0,234.0,0.5330296127562643,439.0
0611001,1.0,1206.0,0.20679012345679013,5832.0
0611002,1.0,1134.0,0.19444444444444445,5832.0
0611003,1.0,1352.0,0.23182441700960219,5832.0
0611004,1.0,1250.0,0.2143347050754458,5832.0
0611005,1.0,890.0,0.1526063100137174,5832.0
0612001,1.0,1559.0,0.2462875197472354,6330.0
0612002,1.0,1603.0,0.2532385466034755,6330.0
0612003,1.0,1637.0,0.258609794628752,6330.0
0612004,1.0,1531.0,0.24186413902053713,6330.0
0613001,1.0,1039.0,0.138662751901775,7493.0
0613002,1.0,1193.0,0.15921526758307755,7493.0
0613003,1.0,1370.0,0.18283731482717203,7493.0
0613004,1.0,680.0,0.09075136794341385,7493.0
0613005,1.0,624.0,0.08327772587748565,7493.0
0613006,1.0,1380.0,0.18417189376751636,7493.0
0613007,1.0,1207.0,0.1610836780995596,7493.0
0614001,1.0,1326.0,0.17509573484748447,7573.0
0614002,1.0,1152.0,0.15211937145120824,7573.0
0614003,1.0,1327.0,0.17522778291298033,7573.0
0614004,1.0,1292.0,0.1706061006206259,7573.0
0614005,1.0,1448.0,0.19120559883797703,7573.0
0614006,1.0,1028.0,0.135745411329724,7573.0
0615001,1.0,2281.0,0.3391317276241451,6726.0
0615002,1.0,2249.0,0.3343740707701457,6726.0
0615003,1.0,2196.0,0.3264942016057092,6726.0
0616001,1.0,988.0,0.2318160488033787,4262.0
0616002,1.0,511.0,0.11989676208352885,4262.0
0616003,1.0,963.0,0.2259502580947912,4262.0
0616004,1.0,967.0,0.22688878460816517,4262.0
0616005,1.0,833.0,0.19544814641013608,4262.0
0617001,1.0,858.0,0.34183266932270917,2510.0
0617002,1.0,807.0,0.3215139442231076,2510.0
0617003,1.0,845.0,0.33665338645418325,2510.0
0618001,1.0,249.0,0.3984,625.0
0618002,1.0,376.0,0.6016,625.0
0619001,1.0,358.0,0.2163141993957704,1655.0
0619002,1.0,379.0,0.22900302114803625,1655.0
0619003,1.0,303.0,0.18308157099697886,1655.0
0619004,1.0,317.0,0.19154078549848944,1655.0
0619005,1.0,298.0,0.18006042296072508,1655.0
0620001,1.0,370.0,0.33035714285714285,1120.0
0620002,1.0,389.0,0.34732142857142856,1120.0
0620003,1.0,361.0,0.3223214285714286,1120.0
0621001,1.0,1554.0,0.3685084183068532,4217.0
0621002,1.0,1337.0,0.31705003557031064,4217.0
0621003,1.0,1326.0,0.31444154612283615,4217.0
0622001,1.0,908.0,1.0,908.0
0622002,1.0,0.0,0.0,908.0
0623001,1.0,772.0,0.32573839662447257,2370.0
0623002,1.0,783.0,0.330379746835443,2370.0
0623003,1.0,815.0,0.3438818565400844,2370.0
0624001,1.0,0.0,,0.0
0625001,1.0,82.0,1.0,82.0
0625002,1.0,0.0,0.0,82.0
0625003,1.0,0.0,0.0,82.0
0625004,1.0,0.0,0.0,82.0
0626001,1.0,294.0,0.22580645161290322,1302.0
0626002,1.0,248.0,0.19047619047619047,1302.0
0626003,1.0,259.0,0.1989247311827957,1302.0
0626004,1.0,190.0,0.14592933947772657,1302.0
0626005,1.0,135.0,0.10368663594470046,1302.0
0626006,1.0,176.0,0.13517665130568357,1302.0
0627001,1.0,672.0,0.3510971786833856,1914.0
0627002,1.0,620.0,0.3239289446185998,1914.0
0627003,1.0,622.0,0.32497387669801464,1914.0
0628001,1.0,91.0,0.08212996389891697,1108.0
0628002,1.0,274.0,0.24729241877256317,1108.0
0628003,1.0,273.0,0.2463898916967509,1108.0
0628004,1.0,97.0,0.08754512635379061,1108.0
0628005,1.0,271.0,0.24458483754512636,1108.0
0628006,1.0,102.0,0.09205776173285199,1108.0
0629001,1.0,816.0,0.04679167383450886,17439.0
0629002,1.0,4656.0,0.2669877859969035,17439.0
0629003,1.0,988.0,0.056654624691782784,17439.0
0629004,1.0,4367.0,0.2504157348471816,17439.0
0629005,1.0,4125.0,0.23653879236194736,17439.0
0629006,1.0,2487.0,0.1426113882676759,17439.0
0630001,1.0,6419.0,1.0,6419.0
0631001,1.0,5762.0,0.3445142002989537,16725.0
0631002,1.0,5541.0,0.3313004484304933,16725.0
0631003,1.0,5422.0,0.3241853512705531,16725.0
0632001,1.0,2393.0,0.2136797928386463,11199.0
0632002,1.0,2848.0,0.2543084203946781,11199.0
0632003,1.0,729.0,0.0650950977765872,11199.0
0632004,1.0,3075.0,0.27457808732922584,11199.0
0632005,1.0,2154.0,0.19233860166086258,11199.0
0633001,1.0,4365.0,0.3250186150409531,13430.0
0633002,1.0,4063.0,0.30253164556962026,13430.0
0633004,1.0,5002.0,0.37244973938942666,13430.0
0634001,1.0,6129.0,1.0,6129.0
0635001,1.0,4624.0,0.2668359397541693,17329.0
0635002,1.0,3831.0,0.22107449939407928,17329.0
0635003,1.0,4302.0,0.24825437128512898,17329.0
0635004,1.0,4572.0,0.26383518956662244,17329.0
0636001,1.0,4308.0,0.21192443919716647,20328.0
0636002,1.0,1713.0,0.08426800472255018,20328.0
0636003,1.0,1043.0,0.05130853994490358,20328.0
0636004,1.0,5387.0,0.2650039354584809,20328.0
0636005,1.0,2287.0,0.11250491932310114,20328.0
0636006,1.0,3915.0,0.19259149940968123,20328.0
0636007,1.0,1675.0,0.08239866194411649,20328.0
0637001,1.0,7524.0,0.25118515056419843,29954.0
0637002,1.0,2446.0,0.08165854309941911,29954.0
0637003,1.0,3022.0,0.10088802831007544,29954.0
0637004,1.0,3073.0,0.10259063897976897,29954.0
0637005,1.0,4730.0,0.15790879348334114,29954.0
0637006,1.0,4997.0,0.16682246110703078,29954.0
0637007,1.0,2010.0,0.06710289109968619,29954.0
0637008,1.0,1087.0,0.03628897643052681,29954.0
0637009,1.0,1065.0,0.03555451692595313,29954.0
0638001,1.0,2424.0,0.1616862326574173,14992.0
0638002,1.0,2146.0,0.14314300960512275,14992.0
0638003,1.0,2983.0,0.19897278548559233,14992.0
0638004,1.0,2786.0,0.1858324439701174,14992.0
0638005,1.0,2411.0,0.16081910352187834,14992.0
0638006,1.0,2242.0,0.14954642475987193,14992.0
0639001,1.0,5667.0,0.2226369136481496,25454.0
0639002,1.0,3423.0,0.1344778816688929,25454.0
0639003,1.0,5057.0,0.19867211440245147,25454.0
0639004,1.0,2009.0,0.07892669128624184,25454.0
0639005,1.0,4023.0,0.15804981535318613,25454.0
0639006,1.0,5275.0,0.20723658364107803,25454.0
0640001,1.0,2868.0,0.24523300555793073,11695.0
0640002,1.0,2817.0,0.24087216759298846,11695.0
0640003,1.0,3028.0,0.2589140658401026,11695.0
0640004,1.0,2982.0,0.2549807610089782,11695.0
0641001,1.0,5704.0,0.17805525206805056,32035.0
0641002,1.0,6333.0,0.197690026533479,32035.0
0641003,1.0,4672.0,0.14584048696737942,32035.0
0641004,1.0,3908.0,0.12199157171843296,32035.0
0641005,1.0,5401.0,0.16859684719837678,32035.0
0641006,1.0,3714.0,0.11593569533322928,32035.0
0641007,1.0,2303.0,0.07189012018105198,32035.0
0642001,1.0,603.0,1.0,603.0
0643001,1.0,580.0,0.2616147947677041,2217.0
0643002,1.0,551.0,0.2485340550293189,2217.0
0643003,1.0,536.0,0.2417681551646369,2217.0
0643004,1.0,550.0,0.2480829950383401,2217.0
0644001,1.0,6089.0,0.14366270290675726,42384.0
0644002,1.0,5375.0,0.12681672329180824,42384.0
0644003,1.0,5569.0,0.1313939222348056,42384.0
0644004,1.0,2443.0,0.057639675349188374,42384.0
0644005,1.0,6890.0,0.16256134390335975,42384.0
0644006,1.0,6168.0,0.14552661381653453,42384.0
0644007,1.0,4775.0,0.11266043790109476,42384.0
0644008,1.0,5075.0,0.1197385805964515,42384.0
0645001,1.0,2976.0,0.24804134022337057,11998.0
0645002,1.0,3021.0,0.2517919653275546,11998.0
0645003,1.0,3093.0,0.257792965494249,11998.0
0645004,1.0,2908.0,0.2423737289548258,11998.0
0646001,1.0,10182.0,0.2573551713679102,39564.0
0646002,1.0,8345.0,0.21092407238904054,39564.0
0646003,1.0,11403.0,0.28821656050955413,39564.0
0646004,1.0,9634.0,0.2435041957334951,39564.0
0647001,1.0,0.0,,0.0
0648001,1.0,2232.0,0.23925393932897418,9329.0
0648002,1.0,2842.0,0.304641440668882,9329.0
0648003,1.0,2180.0,0.2336799228213099,9329.0
0648004,1.0,2075.0,0.22242469718083396,9329.0
0649001,1.0,1914.0,0.2622995751678772,7297.0
0649002,1.0,1788.0,0.2450322050157599,7297.0
0649003,1.0,1750.0,0.23982458544607374,7297.0
0649004,1.0,1845.0,0.25284363437028917,7297.0
0650001,1.0,4205.0,1.0,4205.0
0651001,1.0,2548.0,0.12920892494929007,19720.0
0651002,1.0,2243.0,0.11374239350912779,19720.0
0651003,1.0,2969.0,0.15055780933062882,19720.0
0651004,1.0,1643.0,0.08331643002028398,19720.0
0651005,1.0,1008.0,0.051115618661257606,19720.0
0651006,1.0,2692.0,0.13651115618661258,19720.0
0651007,1.0,1929.0,0.09781947261663286,19720.0
0651008,1.0,1551.0,0.07865111561866125,19720.0
0651009,1.0,1037.0,0.052586206896551725,19720.0
0651010,1.0,764.0,0.03874239350912779,19720.0
0651011,1.0,1336.0,0.06774847870182556,19720.0
0652001,1.0,665.0,0.343846949327818,1934.0
0652002,1.0,646.0,0.3340227507755946,1934.0
0652003,1.0,623.0,0.32213029989658737,1934.0
0653001,1.0,2237.0,0.33121113414273023,6754.0
0653002,1.0,2244.0,0.3322475570032573,6754.0
0653003,1.0,2273.0,0.33654130885401246,6754.0
0654001,1.0,1531.0,0.06649005472075045,23026.0
0654002,1.0,1884.0,0.08182055068183793,23026.0
0654003,1.0,2616.0,0.11361070094675584,23026.0
0654004,1.0,1762.0,0.0765221923043516,23026.0
0654005,1.0,2799.0,0.12155823851298532,23026.0
0654006,1.0,4105.0,0.1782767306523061,23026.0
0654007,1.0,3224.0,0.1400156345001303,23026.0
0654008,1.0,1625.0,0.07057239642143663,23026.0
0654009,1.0,3480.0,0.15113350125944586,23026.0
0655001,1.0,4394.0,0.14969509079140123,29353.0
0655002,1.0,5231.0,0.17821006370728715,29353.0
0655003,1.0,4939.0,0.16826218785132696,29353.0
0655004,1.0,4427.0,0.1508193370353967,29353.0
0655005,1.0,2828.0,0.09634449630361462,29353.0
0655006,1.0,4542.0,0.15473716485538105,29353.0
0655007,1.0,2992.0,0.10193165945559228,29353.0
0656001,1.0,1831.0,0.26954217576917416,6793.0
0656002,1.0,2005.0,0.29515677903724424,6793.0
0656003,1.0,1125.0,0.1656116590607979,6793.0
0656004,1.0,1832.0,0.26968938613278376,6793.0
0657001,1.0,3431.0,0.0944372574385511,36331.0
0657002,1.0,3673.0,0.10109823566651069,36331.0
0657003,1.0,5333.0,0.14678924334590296,36331.0
0657004,1.0,7309.0,0.2011780573064325,36331.0
0657005,1.0,8579.0,0.23613443065150974,36331.0
0657006,1.0,6736.0,0.1854064022460158,36331.0
0657007,1.0,1270.0,0.03495637334507721,36331.0
0658001,1.0,1792.0,0.5122927387078331,3498.0
0658002,1.0,1706.0,0.48770726129216696,3498.0
0658003,1.0,0.0,0.0,3498.0
0659001,1.0,2718.0,0.17413030943686336,15609.0
0659002,1.0,1394.0,0.08930745082964957,15609.0
0659003,1.0,2184.0,0.13991927733999615,15609.0
0659004,1.0,2441.0,0.1563841373566532,15609.0
0659005,1.0,2816.0,0.18040873854827344,15609.0
0659006,1.0,1601.0,0.10256903068742393,15609.0
0659007,1.0,1352.0,0.0866166954961881,15609.0
0659008,1.0,1103.0,0.07066436030495227,15609.0
0660001,1.0,1665.0,0.29128761371588524,5716.0
0660002,1.0,1468.0,0.2568229531140658,5716.0
0660003,1.0,1359.0,0.23775367389783064,5716.0
0660004,1.0,1224.0,0.21413575927221834,5716.0
0661001,1.0,1411.0,1.0,1411.0
0662001,1.0,321.0,0.19766009852216748,1624.0
0662002,1.0,504.0,0.3103448275862069,1624.0
0662003,1.0,799.0,0.4919950738916256,1624.0
0663001,1.0,1189.0,1.0,1189.0
0664001,1.0,1125.0,0.237141652613828,4744.0
0664002,1.0,1126.0,0.23735244519392917,4744.0
0664003,1.0,957.0,0.20172849915682967,4744.0
0664004,1.0,1133.0,0.23882799325463744,4744.0
0664005,1.0,403.0,0.08494940978077571,4744.0
0665001,1.0,1351.0,0.4444078947368421,3040.0
0665002,1.0,1689.0,0.5555921052631579,3040.0
0666001,1.0,1656.0,0.14798927613941018,11190.0
0666002,1.0,1326.0,0.11849865951742627,11190.0
0666003,1.0,1528.0,0.13655049151027704,11190.0
0666004,1.0,1045.0,0.0933869526362824,11190.0
0666005,1.0,956.0,0.08543342269883825,11190.0
0666006,1.0,1605.0,0.14343163538873996,11190.0
0666007,1.0,1462.0,0.13065236818588025,11190.0
0666008,1.0,1612.0,0.14405719392314567,11190.0
0667001,1.0,3.0,0.3,10.0
0667002,1.0,1.0,0.1,10.0
0667003,1.0,1.0,0.1,10.0
0667004,1.0,3.0,0.3,10.0
0667005,1.0,2.0,0.2,10.0
0668001,1.0,7.0,0.3684210526315789,19.0
0668002,1.0,6.0,0.3157894736842105,19.0
0668003,1.0,6.0,0.3157894736842105,19.0
0668004,1.0,0.0,0.0,19.0
0669001,1.0,884.0,0.1497543621887176,5903.0
0669002,1.0,832.0,0.1409452820599695,5903.0
0669003,1.0,959.0,0.16245976622056582,5903.0
0669004,1.0,1195.0,0.20243943757411487,5903.0
0669005,1.0,978.0,0.1656784685753007,5903.0
0669006,1.0,1055.0,0.17872268338133152,5903.0
0670001,1.0,2440.0,0.1311193508517384,18609.0
0670002,1.0,1710.0,0.0918910204739642,18609.0
0670003,1.0,911.0,0.04895480681390725,18609.0
0670004,1.0,1875.0,0.10075769788811866,18609.0
0670005,1.0,1187.0,0.06378633994303831,18609.0
0670006,1.0,1745.0,0.09377183083454242,18609.0
0670007,1.0,2440.0,0.1311193508517384,18609.0
0670008,1.0,2542.0,0.13660056961685207,18609.0
0670009,1.0,579.0,0.031113977107851038,18609.0
0670010,1.0,1409.0,0.07571605137299156,18609.0
0670011,1.0,714.0,0.038368531355795585,18609.0
0670012,1.0,1057.0,0.056800472889462085,18609.0
0671001,1.0,23498.0,1.0,23498.0
0672001,1.0,21820.0,0.48999573330937995,44531.0
0672002,1.0,22711.0,0.51000426669062,44531.0
0673001,1.0,1953.0,0.3703071672354949,5274.0
0673002,1.0,1542.0,0.2923777019340159,5274.0
0673003,1.0,1779.0,0.3373151308304892,5274.0
0674001,1.0,14270.0,0.35082112302094604,40676.0
0674002,1.0,16519.0,0.4061117120660832,40676.0
0674003,1.0,6170.0,0.1516864981807454,40676.0
0674004,1.0,3717.0,0.09138066673222539,40676.0
0675001,1.0,23779.0,0.34034178737047005,69868.0
0675002,1.0,22934.0,0.3282475525276235,69868.0
0675003,1.0,23155.0,0.33141066010190645,69868.0
0676001,1.0,13882.0,0.5234539969834088,26520.0
0676002,1.0,12638.0,0.4765460030165912,26520.0
0677001,1.0,13256.0,0.2357628143563476,56226.0
0677002,1.0,7901.0,0.14052217835165226,56226.0
0677003,1.0,15711.0,0.2794258883790417,56226.0
0677004,1.0,4775.0,0.0849251236082951,56226.0
0677005,1.0,14583.0,0.2593639953046633,56226.0
0678001,1.0,178.0,0.16420664206642066,1084.0
0678002,1.0,244.0,0.22509225092250923,1084.0
0678003,1.0,109.0,0.10055350553505535,1084.0
0678004,1.0,186.0,0.17158671586715868,1084.0
0678005,1.0,135.0,0.12453874538745388,1084.0
0678006,1.0,232.0,0.2140221402214022,1084.0
0679001,1.0,5786.0,0.33575117507108454,17233.0
0679002,1.0,5870.0,0.340625544014391,17233.0
0679003,1.0,5577.0,0.32362328091452447,17233.0
0680001,1.0,12998.0,0.3081116958232589,42186.0
0680002,1.0,8063.0,0.1911297586877163,42186.0
0680003,1.0,3465.0,0.08213625373346607,42186.0
0680004,1.0,8342.0,0.19774332717015122,42186.0
0680005,1.0,9318.0,0.22087896458540748,42186.0
0681001,1.0,15365.0,1.0,15365.0
0682001,1.0,1513.0,1.0,1513.0
0683001,1.0,4561.0,1.0,4561.0
0684001,1.0,9611.0,1.0,9611.0
0685001,1.0,6976.0,0.7704881820189972,9054.0
0685002,1.0,2078.0,0.22951181798100287,9054.0
0686001,1.0,4365.0,1.0,4365.0
0687001,1.0,2393.0,1.0,2393.0
0688001,1.0,14620.0,1.0,14620.0
0689001,1.0,1610.0,1.0,1610.0
0690001,1.0,10282.0,1.0,10282.0
0691001,1.0,9236.0,0.6415671019727702,14396.0
0691002,1.0,5160.0,0.3584328980272298,14396.0
0692001,1.0,3235.0,1.0,3235.0
0693001,1.0,2.0,0.3333333333333333,6.0
0693002,1.0,1.0,0.16666666666666666,6.0
0693003,1.0,1.0,0.16666666666666666,6.0
0693004,1.0,1.0,0.16666666666666666,6.0
0693005,1.0,1.0,0.16666666666666666,6.0
0693006,1.0,0.0,0.0,6.0
0694001,1.0,0.0,,0.0
0694002,1.0,0.0,,0.0
0695001,1.0,1385.0,1.0,1385.0
0695002,1.0,0.0,0.0,1385.0
0696001,1.0,632.0,1.0,632.0
0697001,1.0,642.0,1.0,642.0
0698001,1.0,89.0,1.0,89.0
0699001,1.0,40.0,1.0,40.0
0700001,1.0,559.0,0.4977738201246661,1123.0
0700002,1.0,564.0,0.5022261798753339,1123.0
0701001,1.0,564.0,1.0,564.0
0702001,1.0,280.0,1.0,280.0
0703001,1.0,154.0,0.6390041493775933,241.0
0703002,1.0,87.0,0.36099585062240663,241.0
0704001,1.0,301.0,1.0,301.0
0705001,1.0,2212.0,0.33393719806763283,6624.0
0705002,1.0,2225.0,0.3358997584541063,6624.0
0705003,1.0,2187.0,0.33016304347826086,6624.0
0706001,1.0,4057.0,1.0,4057.0
0707001,1.0,934.0,1.0,934.0
0708001,1.0,1909.0,0.46731946144430847,4085.0
0708002,1.0,2176.0,0.5326805385556915,4085.0
0709001,1.0,225.0,0.1541095890410959,1460.0
0709002,1.0,1235.0,0.8458904109589042,1460.0
0710001,1.0,2479.0,0.724218521764534,3423.0
0710002,1.0,944.0,0.27578147823546595,3423.0
0711001,1.0,1236.0,0.6655896607431341,1857.0
0711002,1.0,621.0,0.3344103392568659,1857.0
0712001,1.0,743.0,0.8102508178844057,917.0
0712002,1.0,174.0,0.18974918211559433,917.0
0713001,1.0,470.0,0.5097613882863341,922.0
0713002,1.0,452.0,0.49023861171366595,922.0
0714001,1.0,748.0,0.8095238095238095,924.0
0714002,1.0,176.0,0.19047619047619047,924.0
0715001,1.0,1285.0,0.829567462879277,1549.0
0715002,1.0,264.0,0.17043253712072304,1549.0
0716001,1.0,1018.0,0.6627604166666666,1536.0
0716002,1.0,518.0,0.3372395833333333,1536.0
0717001,1.0,1255.0,0.6740064446831364,1862.0
0717002,1.0,607.0,0.3259935553168636,1862.0
0718001,1.0,298.0,0.4318840579710145,690.0
0718002,1.0,392.0,0.5681159420289855,690.0
0719001,1.0,453.0,0.46130346232179226,982.0
0719002,1.0,529.0,0.5386965376782077,982.0
0720001,1.0,1680.0,0.9475465313028765,1773.0
0720002,1.0,93.0,0.05245346869712352,1773.0
0721001,1.0,15.0,0.13636363636363635,110.0
0721002,1.0,95.0,0.8636363636363636,110.0
0722001,1.0,63.0,0.5833333333333334,108.0
0722002,1.0,45.0,0.4166666666666667,108.0
0723001,1.0,79.0,0.7181818181818181,110.0
0723002,1.0,31.0,0.2818181818181818,110.0
0724001,1.0,282.0,0.1574539363484087,1791.0
0724002,1.0,1509.0,0.8425460636515912,1791.0
0725001,1.0,337.0,0.18805803571428573,1792.0
0725002,1.0,1455.0,0.8119419642857143,1792.0
0726001,1.0,1713.0,0.3917219300251544,4373.0
0726002,1.0,2660.0,0.6082780699748457,4373.0
0727001,1.0,1273.0,0.7282608695652174,1748.0
0727002,1.0,475.0,0.2717391304347826,1748.0
0728001,1.0,1385.0,0.7677383592017738,1804.0
0728002,1.0,419.0,0.23226164079822617,1804.0
0729001,1.0,1355.0,0.7257632565613283,1867.0
0729002,1.0,512.0,0.27423674343867166,1867.0
0730001,1.0,10.0,0.9090909090909091,11.0
0730002,1.0,1.0,0.09090909090909091,11.0
0731001,1.0,124.0,0.6424870466321243,193.0
0731002,1.0,69.0,0.35751295336787564,193.0
0732001,1.0,275.0,0.7087628865979382,388.0
0732002,1.0,113.0,0.2912371134020619,388.0
0733001,1.0,1134.0,0.3718032786885246,3050.0
0733002,1.0,1916.0,0.6281967213114754,3050.0
0734001,1.0,147.0,0.7033492822966507,209.0
0734002,1.0,62.0,0.2966507177033493,209.0
0735001,1.0,657.0,0.6323387872954764,1039.0
0735002,1.0,382.0,0.36766121270452357,1039.0
0736001,1.0,2404.0,0.3593423019431988,6690.0
0736002,1.0,4286.0,0.6406576980568012,6690.0
0737001,1.0,1471.0,0.22017662026642718,6681.0
0737002,1.0,5210.0,0.7798233797335729,6681.0
0738001,1.0,297.0,0.19026265214606022,1561.0
0738002,1.0,1264.0,0.8097373478539398,1561.0
0739001,1.0,200.0,0.3194888178913738,626.0
0739002,1.0,426.0,0.6805111821086262,626.0
0740001,1.0,231.0,0.6209677419354839,372.0
0740002,1.0,141.0,0.3790322580645161,372.0
0741001,1.0,251.0,0.6876712328767123,365.0
0741002,1.0,114.0,0.31232876712328766,365.0
0742001,1.0,15.0,0.38461538461538464,39.0
0742002,1.0,24.0,0.6153846153846154,39.0
0743001,1.0,75.0,0.9615384615384616,78.0
0743002,1.0,3.0,0.038461538461538464,78.0
0744001,1.0,3.0,0.3333333333333333,9.0
0744002,1.0,6.0,0.6666666666666666,9.0
